cell_id,cycle_index,elapsed_time_h,ambient_temperature_c,capacity_ah,soh,rul_cycles,mean_discharge_current_a,mean_temperature_c,mean_voltage_v,re_ohm,rct_ohm
B0005,0,0.0,24.0,1.8564874208181574,1.0,161,-1.8187019641679727,32.572328114029,3.5298286688693397,,
B0005,1,1.025065,24.0,1.846327249719927,0.9945272071416714,160,-1.8175598506612867,32.72523522519307,3.5373201277859714,,
B0005,2,2.0451605555555554,24.0,1.8353491942234077,0.9886138595081705,159,-1.8164865418840956,32.64286193755933,3.5437367282719,,
B0005,3,3.0595052777777774,24.0,1.8352625275821128,0.9885671763794173,158,-1.8255891938692528,32.51487646204882,3.5436661072601456,,
B0005,4,4.068272777777778,24.0,1.8346455082120419,0.9882348178817771,157,-1.8261139590277586,32.38234901543077,3.5423432526672167,,
B0005,5,5.076376111111111,24.0,1.8356616600675495,0.9887821697485943,156,-1.8168108743168803,32.43418218230641,3.5413347346347575,,
B0005,6,6.090898611111111,24.0,1.8351461429226603,0.9885044855913476,155,-1.816791144707133,32.480416444757985,3.5410250495075215,,
B0005,7,7.1050175,24.0,1.8257567905665537,0.9834468955151549,154,-1.8443412120754061,32.41046186109587,3.554133296801584,,
B0005,8,8.097365555555555,24.0,1.8247738529891333,0.9829174345738104,153,-1.853972745505648,32.3461408313,3.5529355991467955,,
B0005,9,9.083641666666667,24.0,1.824613268496936,0.982830935473199,152,-1.8535899338510957,32.27679750791685,3.5512057319376997,,
B0005,10,10.0701,24.0,1.8246195526864504,0.9828343204622076,151,-1.863380178294828,32.15709350345252,3.549292319740949,,
B0005,11,11.050725,24.0,1.8142019357673917,0.9772228539894279,150,-1.872968810287894,32.36407129853099,3.559759220648976,,
B0005,12,12.020451666666666,24.0,1.8137521577549054,0.9769805803238794,149,-1.8826095043160833,32.3181954403762,3.558081969139198,,
B0005,13,12.98441861111111,24.0,1.8134404914735822,0.9768127007692816,148,-1.882536787636365,32.15709029211502,3.555692244172496,,
B0005,14,13.948307499999999,24.0,1.8025980036306504,0.9709723768751647,147,-1.8817935155260215,32.04407000314609,3.562746818017503,,
B0005,15,14.906723333333332,24.0,1.80210690024615,0.9707078432300706,146,-1.8921861285036712,31.931593674911532,3.5614521756489204,,
B0005,16,15.859336388888888,24.0,1.802579500826209,0.9709624103091467,145,-1.9027629207037406,31.941655359029298,3.5603420474985823,,
B0005,17,16.806415277777777,24.0,1.8030683142834096,0.9712257104811376,144,-1.9133470605822436,31.965008645476725,3.5591189041401865,,
B0005,18,17.748199166666666,24.0,1.8027776247196041,0.9710691300699019,143,-1.9131602105481538,31.966241678512723,3.557886771846508,,
B0005,19,18.689943888888887,24.0,1.8470259949329193,0.9949035873989017,142,-1.8553455745575975,32.37143341978575,3.5520375235511907,0.04466870036616091,0.06945627304536996
B0005,20,19.687647777777777,24.0,1.847417311283644,0.995114370594272,141,-1.8746995273150975,32.70024990461686,3.5525668436897124,0.044843430573346096,0.0679720560130687
B0005,21,20.674396944444442,24.0,1.8361774213478947,0.9890599854098058,140,-1.873827212788385,32.32266411829938,3.556794038327039,0.04510114851143001,0.06852832896000328
B0005,22,21.655390833333332,24.0,1.8257807475776242,0.9834597999985366,139,-1.883193546754683,31.98795810666763,3.5614100044534203,0.044172075577171746,0.06804449516996176
B0005,23,22.625642777777777,24.0,1.8251136435078368,0.9831004632950897,138,-1.873239184822504,31.894456524691385,3.5566107947817986,0.043786628196075913,0.06845021227072765
B0005,24,23.601085555555557,24.0,1.8255815042203762,0.9833524772367372,137,-1.9139593751505897,31.78039681801023,3.5586742170266272,0.04463932198878524,0.0683410113732366
B0005,25,24.55440138888889,24.0,1.8140311275083907,0.9771308478400268,136,-1.9030532722310995,31.688747146342205,3.564103182686905,0.043558785775475374,0.06868237655872211
B0005,26,25.50749166666667,24.0,1.8147691941158939,0.9775284086310274,135,-1.9134590742247914,31.596747992569153,3.559588063594272,0.04526547818261783,0.0681437253042456
B0005,27,26.455382222222227,24.0,1.813969388710352,0.9770975921350076,134,-1.913620909902553,31.565586498787077,3.556833231052199,0.044483715777434665,0.06782555719716843
B0005,28,27.40279555555556,24.0,1.802765665167823,0.9710626880376818,133,-1.9025819745719061,31.59124667045208,3.5624410850948944,0.04441416485910045,0.06885805241213436
B0005,29,28.350217222222227,24.0,1.804077040117352,0.9717690623092355,132,-1.9130621638638965,31.603485399391182,3.5591407106855666,0.04453544590029642,0.06779434699116274
B0005,30,29.29263916666667,24.0,1.8518025516704486,0.9974764875349146,131,-1.920618117118412,31.91556385491565,3.5573161327793144,0.04502135245555801,0.06940408185539676
B0005,31,30.256714722222227,24.0,1.8307038456739428,0.9861116348782737,130,-1.9298830859597569,32.081128118597164,3.561870782772737,0.04646251600050638,0.06993774302336724
B0005,32,31.20507833333334,24.0,1.8199041089501267,0.9802943389447215,129,-1.9293005284805407,31.849792632896243,3.5617586337260088,0.04772385451119983,0.06950417544214327
B0005,33,32.14819472222223,24.0,1.8093079637028517,0.9745867078945714,128,-1.923330987770314,31.465690433362017,3.5597307651083123,0.04694022963323793,0.069661211991841
B0005,34,33.088750277777784,24.0,1.80460990458052,0.9720560906279802,127,-1.9284469980320087,31.40934895665031,3.5575937553540915,0.04702798243208013,0.07112946749607083
B0005,35,34.02435777777779,24.0,1.7993770651972192,0.9692374130950105,126,-1.9231439161693824,31.902247475518077,3.5597237883937995,0.047755380262671634,0.07167079612312527
B0005,36,34.95998722222223,24.0,1.7884432335370462,0.9633478867036308,125,-1.9170149640438081,31.649024294808623,3.559061771422033,0.047022939446838434,0.06976696183555635
B0005,37,35.89296472222223,24.0,1.7829230484252723,0.9603744299218223,124,-1.922048805055383,31.48874626238971,3.557015527748059,0.046245370477528074,0.0719248993978976
B0005,38,36.82060361111112,24.0,1.7730337158018288,0.9550475246530081,123,-1.9162302821549877,31.329995610092634,3.5562481933590964,0.04618610336751238,0.07193787056034481
B0005,39,37.74595500000001,24.0,1.773037755078937,0.9550497004162602,122,-1.9220800182578983,31.569551201845574,3.5532756526091784,0.04773737014313117,0.0703395836124857
B0005,40,38.66850722222223,24.0,1.7678721106662054,0.9522672175646096,121,-1.9162417890311958,32.111426258867944,3.556266431640255,0.04838334154876506,0.06973812701544792
B0005,41,39.591241666666676,24.0,1.7623150704093087,0.9492739086983165,120,-1.9158809823517762,32.271676011112376,3.5563095420140822,0.048037510039299486,0.07012511424776673
B0005,42,40.5111938888889,24.0,1.7676172924938447,0.9521299593373235,119,-1.9114406265753041,31.842291659678658,3.558950851054106,0.048086960073381944,0.0697134641311117
B0005,43,41.43546916666668,24.0,1.762668359743147,0.9494642085785509,118,-1.9158166997544155,31.759815453754253,3.5534418211598053,0.048086960073381944,0.0697134641311117
B0005,44,42.35549083333334,24.0,1.7517304870664143,0.9435725054869607,117,-1.9151304155635374,31.41911167391793,3.5510121537420285,0.04754728174038817,0.07318009891168203
B0005,45,43.27026083333334,24.0,1.7418496047960008,0.9382501520146926,116,-1.9148485784393638,31.331626572312267,3.551317608213948,0.04764092098948851,0.07165247326552959
B0005,46,44.18007416666667,24.0,1.7360913511847138,0.935148459244402,115,-1.9144128654409127,31.35934131425137,3.549003180550162,0.04842436953177311,0.07249983749010006
B0005,47,45.08702305555556,24.0,1.7936240148573608,0.9661385230754256,114,-1.9388813849818083,34.31088483888259,3.5597648340955175,0.04842436953177311,0.07249983749010006
B0005,48,46.011727777777786,24.0,1.7831890223273275,0.9605176972012408,113,-1.927509725704535,33.43585640373788,3.5623454342368555,0.04943074564871873,0.0701407541984291
B0005,49,46.9365238888889,24.0,1.7673642076278957,0.9519936347583842,112,-1.9267185977839403,32.66698125020078,3.558336657621618,0.04974822543014387,0.07112993844977841
B0005,50,47.85362916666668,24.0,1.7570177850353066,0.9464205172265512,111,-1.9261308349663746,32.28423408691397,3.554013138622869,0.04988486594475391,0.07198302765125617
B0005,51,48.76573000000001,24.0,1.7468706179837907,0.9409547290193551,110,-1.9202346781375206,32.00739178780946,3.552376095886298,0.04921638093217895,0.07146374397937286
B0005,52,49.67548694444446,24.0,1.7417172507457144,0.9381788592880077,109,-1.9201011498853633,32.06387071886056,3.549618661283733,0.04994593893656341,0.07088704261645878
B0005,53,50.58261361111113,24.0,1.7364225056478186,0.9353268361401414,108,-1.9144278105456467,32.43754560319043,3.54938103086703,0.048969605147940264,0.07178168505217358
B0005,54,51.489861666666684,24.0,1.7263217239235826,0.92988603346571,107,-1.908340706503589,32.16809876635083,3.5472118680418956,0.05022937602514056,0.0718319241428618
B0005,55,52.394748888888905,24.0,1.7158065389330133,0.9242220117908766,106,-1.902207182631691,32.05752645824972,3.5467052098640246,0.04971526662508074,0.07139027154395669
B0005,56,53.29713583333335,24.0,1.710533351135192,0.9213816005181208,105,-1.9020484449938713,31.975920928072714,3.544629653883431,0.04913216601843565,0.0724518691988788
B0005,57,54.196793055555574,24.0,1.706014499648521,0.9189475137389712,104,-1.8964907679062355,32.21689335291319,3.5436291614253204,0.04920968322529824,0.07304025099509703
B0005,58,55.09683194444446,24.0,1.7003110272642588,0.9158753289666399,103,-1.895971437908019,32.55632993697177,3.5444946147995258,0.04950631616559385,0.07251082944035009
B0005,59,55.99408444444446,24.0,1.6945798601797895,0.9127882263985312,102,-1.8899648799839277,32.40048085325998,3.5409201846556857,0.04865176277959679,0.07201762091170956
B0005,60,56.89124583333335,24.0,1.6849029086609286,0.9075757205607075,101,-1.8893703824420507,32.29371860868794,3.541195668799061,0.04916575568371288,0.07316993618002728
B0005,61,57.78359833333335,24.0,1.6744741591159717,0.9019582574806932,100,-1.8776883243431417,32.136071448067796,3.540671044783382,0.04923427342088277,0.07277120733743579
B0005,62,58.676159166666686,24.0,1.6745692479879102,0.902009477257823,99,-1.8831065986697755,32.38268549723498,3.5376048790268775,0.0505475864921389,0.07270866794574943
B0005,63,59.566041944444464,24.0,1.663716375981405,0.896163559916933,98,-1.876359921441716,32.30899951427637,3.538422485261741,0.050118814742107526,0.07301041089661342
B0005,64,60.453576666666685,24.0,1.659013868748246,0.893630546668135,97,-1.8709550260104437,32.56636929496716,3.53928626988912,0.050118814742107526,0.07301041089661342
B0005,65,61.34116361111113,24.0,1.6538540573335014,0.8908512057704355,96,-1.8705599868289542,32.46542951751835,3.533690170241391,0.049792567319026114,0.07343650361620202
B0005,66,62.22624611111113,24.0,1.642653782130131,0.8848181591266643,95,-1.8640049795794804,32.347056454418095,3.534367734544495,0.049865378066600005,0.0732133898164959
B0005,67,63.10859000000002,24.0,1.6378578430223698,0.8822348186450748,94,-1.8636932149873204,32.371538940646154,3.5312941932103548,0.049811932785538866,0.07459618605206403
B0005,68,63.988476944444464,24.0,1.6327350407099108,0.8794754127611387,93,-1.857820396301907,32.45549347979197,3.5309134771684274,0.04850673488997184,0.07458309776342148
B0005,69,64.8683988888889,24.0,1.6277528915533617,0.8767917699307696,92,-1.8572160981955346,32.50017194695606,3.5287226893409893,0.050023074203339506,0.0736638387977965
B0005,70,65.74592055555557,24.0,1.622125485521159,0.8737605584239754,91,-1.8568340008006827,32.50100298369444,3.52625493581969,0.05020469043786587,0.07371885821597624
B0005,71,66.6205952777778,24.0,1.6113256603765849,0.8679432148624366,90,-1.8448886500218815,32.4728927422438,3.528684324337005,0.04975857340773159,0.07465617760875586
B0005,72,67.49534361111112,24.0,1.6065631397488385,0.865377875300024,89,-1.8444180038305806,32.50480154634882,3.525556939424901,0.04968675503783295,0.07355425821939737
B0005,73,68.36771777777778,24.0,1.6015142233917594,0.8626582682073705,88,-1.8438790389835118,32.51218336210202,3.5226805646793737,0.04995005707049774,0.0746229428074614
B0005,74,69.23761361111112,24.0,1.590369231400328,0.8566549999565574,87,-1.83711254029409,32.45692821941515,3.524673458789008,0.050282564251258356,0.07360391142336822
B0005,75,70.10481,24.0,1.5857889968242211,0.854187849075412,86,-1.8315957075983758,32.447059186431154,3.5213155754526824,0.04992007781904663,0.074642062777058
B0005,76,70.97206694444445,24.0,1.5849430707374117,0.853732189598637,85,-1.8311195242792309,32.32889654966259,3.51803386486462,0.05007996435013632,0.07547710929281527
B0005,77,71.83919805555556,24.0,1.5955263892495937,0.8594329115068511,84,-1.8432799764914718,32.84488475360107,3.5236841955396794,0.05007996435013632,0.07547710929281527
B0005,78,72.70610361111112,24.0,1.5747301747801037,0.8482309964083232,83,-1.829798505957538,32.31731555011648,3.519146638240668,0.05487320211540928,0.07934403644117197
B0005,79,73.56827805555557,24.0,1.5649019950937946,0.8429370312695894,82,-1.8236746835609148,32.06376130177751,3.516233648608237,0.055240499862766274,0.08002359358228964
B0005,80,74.4280263888889,24.0,1.5597659473370362,0.8401704907053151,81,-1.8176720770210877,32.21997626855924,3.514773138461639,0.055080368328742545,0.08045008161921993
B0005,81,75.28796555555556,24.0,1.5594815668184234,0.8400173086716403,80,-1.8179238657973993,32.7120225448885,3.5132992979150073,0.05484578494342528,0.08099527914390654
B0005,82,76.14750111111111,24.0,1.55468935359061,0.8374359751414073,79,-1.817160673909645,32.945022147355694,3.514484830704665,0.05808949268604193,0.07900611376190819
B0005,83,77.00487083333333,24.0,1.5488741079890418,0.8343035835418966,78,-1.8110297241968543,32.857549597381336,3.5109677353595243,0.05639999430512618,0.08181491967012575
B0005,84,77.86198888888889,24.0,1.538236598942558,0.8285736718133292,77,-1.8094435644526072,32.629663328789654,3.5109358749578012,0.057159147914507935,0.08086696623694065
B0005,85,78.71398972222222,24.0,1.527914258251028,0.8230135260370756,76,-1.8026537331443495,32.379859014262976,3.509393098217416,0.056998793862942924,0.08250100764416027
B0005,86,79.56347777777778,24.0,1.5285252629756445,0.8233426447360579,75,-1.8031542757366414,32.68215852457039,3.5066782411556563,0.05791594677751306,0.08175057083151278
B0005,87,80.41314777777778,24.0,1.522647325284378,0.8201764839394088,74,-1.7965666438696486,32.99387423636739,3.5109885623008092,0.0585831887959693,0.08269416457353587
B0005,88,81.26275277777778,24.0,1.5174859938489869,0.8173963242800902,73,-1.7959771394311956,33.04539707211165,3.510305462695178,0.05684411239635824,0.082272625759776
B0005,89,82.10978833333333,24.0,1.605818899130659,0.8649769888680268,72,-1.822916991757235,32.856295641052824,3.5222215314850214,0.05667203462955093,0.08291573296417665
B0005,90,82.99234916666666,24.0,1.5638491446744425,0.8423699116610504,71,-1.8294275689587538,33.33950238056361,3.5163492154331264,0.058223361510524915,0.07615092115486195
B0005,91,83.84872055555554,24.0,1.5480915247767786,0.8338820438085877,70,-1.816317296828028,33.35156485472646,3.5134397623234963,0.05869361561103209,0.08099673983388944
B0005,92,84.70268333333333,24.0,1.5323755631868592,0.8254166152720488,69,-1.8033689952639713,33.147486361012966,3.515137522009075,0.05687355099054793,0.08079234772463807
B0005,93,85.55435,24.0,1.5269528268489705,0.8224956494324317,68,-1.802670753119494,33.007275861749356,3.50830390643132,0.058401226760293384,0.0816166339541188
B0005,94,86.40336027777778,24.0,1.5169573017136326,0.8171115433925789,67,-1.7958941337499832,32.91990812745461,3.509190808443004,0.05713926164978321,0.08203042743610463
B0005,95,87.25008777777778,24.0,1.5118975960142693,0.8143861246029738,66,-1.795344963527795,32.99903328622305,3.5068097579555353,0.056846750542401,0.08430934905296765
B0005,96,88.094315,24.0,1.5065638960681105,0.811513118362076,65,-1.7893518988259454,33.03772281691292,3.50609090727422,0.05971458306876328,0.08128077873787101
B0005,97,88.93849472222222,24.0,1.5015453526671363,0.8088098717121404,64,-1.7883879159763685,33.07740307192613,3.5037157727265953,0.057876489486257204,0.0827621596207595
B0005,98,89.78026555555554,24.0,1.4908444050400238,0.8030457886878684,63,-1.7815447770741009,33.05467981523988,3.5067479961367156,0.057106052592570886,0.08389339159553517
B0005,99,90.61943222222222,24.0,1.485868384561201,0.8003654470798278,62,-1.7753115642966961,33.11570360624461,3.5058813026542324,0.05832440115222774,0.0823356083860003
B0005,100,91.45880722222222,24.0,1.480413677976106,0.7974272604140161,61,-1.7742377662318358,33.12942148982364,3.504168333530808,0.05853988727737317,0.08259957408588693
B0005,101,92.2955475,24.0,1.4752095869031632,0.7946240682056631,60,-1.773860289771637,33.130681310493344,3.5030568931470634,0.057610002271573896,0.08361769407052744
B0005,102,93.12961444444444,24.0,1.4859035988304024,0.8003844153038009,59,-1.7809702419814517,33.20069210329718,3.4982324882487936,0.05687744083786221,0.08453629957179691
B0005,103,93.96628111111112,24.0,1.4960918298136696,0.8058723226653155,58,-1.7879098523188452,33.78697527817091,3.5065859365661325,0.05841225795718409,0.07816622903600336
B0005,104,94.80520055555556,24.0,1.4808005946928984,0.7976356737393387,57,-1.780229415660985,33.673365085761986,3.501457140697961,0.06019789084807145,0.08377346645248043
B0005,105,95.63913722222223,24.0,1.4697543268466824,0.79168558341158,56,-1.7731015168894209,33.535818118317145,3.501658387162809,0.05988352416265757,0.08361156763608181
B0005,106,96.47044361111112,24.0,1.4539012274845928,0.7831462853887025,55,-1.7705879947441516,33.32269982188509,3.4966186408455298,0.058875120497055886,0.08370562422038381
B0005,107,97.29390694444446,24.0,1.4541462067235693,0.7832782438583529,54,-1.7600629827474803,33.346230327490304,3.4991645719433246,0.05844518592952695,0.0843513765148262
B0005,108,98.12262222222223,24.0,1.455023751906683,0.7837509350133121,53,-1.765575132998529,33.64948900485925,3.496080777360074,0.06055121054997781,0.08328051476741821
B0005,109,98.94909361111112,24.0,1.449042163761236,0.7805289427291894,52,-1.7588271887545277,33.79269513542102,3.4959014526387993,0.05995025589217596,0.0831904359131708
B0005,110,99.77547833333334,24.0,1.4386709371480566,0.7749424644709048,51,-1.7516428147438297,33.52446663707275,3.49758697990267,0.05956501303684226,0.08487011380929321
B0005,111,100.59943666666668,24.0,1.433445432156979,0.7721277376203588,50,-1.7513097768253418,33.39042251934235,3.4956989619989507,0.059853349010250065,0.08473917663733575
B0005,112,101.42064750000002,24.0,1.4333958900838095,0.7721010517012333,49,-1.7511840784846122,33.67370212742761,3.492875380810072,0.05874548029308314,0.08711721350349075
B0005,113,102.24185416666668,24.0,1.42806487344776,0.7692294908297354,48,-1.7446206812145286,33.91080564765892,3.49551076423368,0.06083767084489383,0.08490902777488013
B0005,114,103.06307805555558,24.0,1.4229203181741186,0.7664583676775116,47,-1.7436362428649814,33.7850680599871,3.4942333590450834,0.05993762786815949,0.08479950183605617
B0005,115,103.88176305555558,24.0,1.417429032731308,0.7635004777498812,46,-1.7425325036061032,33.61126807392732,3.491197414255986,0.05959588691816853,0.08518775171680287
B0005,116,104.69786972222225,24.0,1.412409228794446,0.7607965521102183,45,-1.7419837011363046,33.45598581472246,3.4889094081576237,0.058400743519397356,0.08632938236969102
B0005,117,105.51151555555559,24.0,1.412578792940193,0.7608878881159705,44,-1.7421680980861822,33.723267448788484,3.487376295811431,0.06260506440345279,0.08502111899525971
B0005,118,106.32497500000004,24.0,1.4075983731469897,0.7582051768100095,43,-1.735841378420618,34.050076369857344,3.491994243745711,0.06115195391732467,0.08485577620272611
B0005,119,107.13869027777781,24.0,1.4333920485221476,0.7720989824377313,42,-1.7567879869499758,33.889346908026745,3.491585878898649,0.059630601199984506,0.0850345675980089
B0005,120,107.95703222222225,24.0,1.4382550176792908,0.7747184287655712,41,-1.7573176114092575,34.067648550088656,3.495576227046425,0.059630601199984506,0.0850345675980089
B0005,121,108.77798722222225,24.0,1.4173547174485526,0.7634604477007023,40,-1.7427628393326555,33.75168100943646,3.4938988589692483,0.060986669920577066,0.08583976882422588
B0005,122,109.59399416666669,24.0,1.406981663677643,0.7578729852409039,39,-1.7352637407600366,33.46482299584788,3.49159162968384,0.06100425704109886,0.08588436114872877
B0005,123,110.40762694444447,24.0,1.4012037783587625,0.7547607178190572,38,-1.7344350518111926,33.40210697922146,3.4885729299834787,0.06232914782727364,0.08822161138920462
B0005,124,111.2182866666667,24.0,1.3967008232726328,0.7523351936621817,37,-1.7280392046289716,33.410688917712235,3.4869021151089825,0.061502762788551504,0.0872699062901812
B0005,125,112.0293455555556,24.0,1.391284788852726,0.7494178378216989,36,-1.7326888725308258,33.38984948261314,3.4855485210036417,0.06141907994833745,0.08720378292525818
B0005,126,112.83501833333337,24.0,1.3862287677978349,0.7466944037718938,35,-1.7260735249920125,33.3700433438796,3.4838912547260388,0.06121665145307191,0.0872819262712242
B0005,127,113.64095583333336,24.0,1.3804366761974138,0.74357448411315,34,-1.7195393742714093,33.27215987470977,3.483198941484065,0.062704070176938,0.08679111809854424
B0005,128,114.44684111111114,24.0,1.3752364150256224,0.740773354887346,33,-1.7185829844462923,33.222444215660225,3.4836274447098883,0.06172613583587411,0.0883779260119075
B0005,129,115.25007444444448,24.0,1.3705128024895008,0.7382289732324248,32,-1.717672415155695,33.26207748383125,3.480172442538601,0.06185223703499693,0.08697922184678317
B0005,130,116.0508816666667,24.0,1.3705085566270399,0.7382266861916329,31,-1.7177080769362936,33.312029905516525,3.478452148610975,0.06310358102659182,0.08852234569242505
B0005,131,116.85178861111115,24.0,1.3647355108681518,0.7351170256067291,30,-1.7109669363015376,33.25287943255863,3.4785782556105507,0.06228746060457266,0.08923087570947913
B0005,132,117.65261333333336,24.0,1.375392016895762,0.7408571700903981,29,-1.7184206130755166,33.745054045019884,3.4825195584604582,0.06270549893166993,0.08838724457648714
B0005,133,118.45585111111114,24.0,1.3861115151535393,0.746631245442362,28,-1.7260471943596487,33.88841975386692,3.4886823636752826,0.06270549893166993,0.08838724457648714
B0005,134,119.26175388888892,24.0,1.3698500035838939,0.7378719555127383,27,-1.712021613408506,33.7353756996425,3.4858502383832755,0.06270549893166993,0.08838724457648714
B0005,135,120.06500472222226,24.0,1.3647827949260758,0.735142495242232,26,-1.711022510206629,33.59131052719714,3.478794177297151,0.053286381622558374,0.08156856568421471
B0005,136,120.86584250000003,24.0,1.3543220466259964,0.7295077959801872,25,-1.703421414006958,33.32366688599416,3.4812826020756744,0.05293147474045376,0.08275693411495888
B0005,137,121.66402388888892,24.0,1.3546417018378962,0.7296799787853683,24,-1.703574708739156,33.691961507697364,3.480352041587074,0.05588929297745871,0.08226321054006082
B0005,138,122.46236583333337,24.0,1.3547039213192407,0.7297134934112401,23,-1.7034912994217157,33.887639684793655,3.4781127815565127,0.05841778368115902,0.08029809490533976
B0005,139,123.2607641666667,24.0,1.349314997503458,0.7268107407422197,22,-1.7023383270190764,33.67308060941856,3.4765867130506125,0.056411433170262516,0.0819223123309917
B0005,140,124.0565930555556,24.0,1.3441891937970554,0.7240497181525036,21,-1.7014238498912502,33.411988203265814,3.4733769291841643,0.05568015964086863,0.08177399086572994
B0005,141,124.84967444444449,24.0,1.3389913790695755,0.7212499067079483,20,-1.6950436046971957,33.29926524979532,3.4726366397371127,0.056210257603528525,0.08328067168438782
B0005,142,125.64290361111115,24.0,1.3389145230206971,0.721208508070922,19,-1.695057731610264,33.59980731390034,3.473439372740961,0.05579452141186236,0.0829501208969064
B0005,143,126.4361241666667,24.0,1.3340066759761655,0.7185648881952921,18,-1.6937809113323188,33.61961195858585,3.4754777099091454,0.057799714665998925,0.08190303229216056
B0005,144,127.22707888888893,24.0,1.3286444309174914,0.7156765060826296,17,-1.6869434054016965,33.3945201718652,3.4722884821666766,0.05577529472858128,0.08294674118422612
B0005,145,128.01801222222227,24.0,1.3231708992276219,0.7127281792431958,16,-1.6860649112944592,33.16734508187535,3.471373665098864,0.056559391313402284,0.08237490117893426
B0005,146,128.80615888888894,24.0,1.3181691588445197,0.7100339835664494,15,-1.6795829780331424,33.10962161613893,3.4726160162875095,0.05334424687864744,0.08448562230827522
B0005,147,129.59429250000005,24.0,1.3184664436640334,0.7101941165230103,14,-1.679793840292355,33.46501751186519,3.4738146874457896,0.056262478978249195,0.0830662312193171
B0005,148,130.38276888888893,24.0,1.318293040102702,0.7101007124097442,13,-1.6851739865098712,33.4426191014044,3.4701426486639693,0.05339424998746291,0.08335635527903888
B0005,149,131.1684155555556,24.0,1.323872422244268,0.7131060557689289,12,-1.6863812036302581,33.037928170775885,3.467523652225441,0.05854525235071128,0.08836885185980756
B0005,150,131.95682250000004,24.0,1.3601216766554785,0.7326317762261326,11,-1.715777469309528,33.4949493613756,3.4767525840839255,0.057849417299627566,0.08078773867849699
B0005,151,132.75253000000004,24.0,1.3395306867947354,0.721540405700353,10,-1.7007216920098716,33.491363029025784,3.4758956827369127,0.06142385686894261,0.08496390395839584
B0005,152,133.54319388888894,24.0,1.3290286565120697,0.7158834698305493,9,-1.6928138295817332,33.329808599922345,3.475812179626641,0.05952338030179974,0.08720833121299235
B0005,153,134.33151861111116,24.0,1.3236741274998955,0.7129992439790138,8,-1.6861104874993165,33.27302769298771,3.4746554404904435,0.05926159085880675,0.08777868669454861
B0005,154,135.11989527777783,24.0,1.318633896753293,0.7102843154047166,7,-1.685043785043406,33.229879126701434,3.472301781313945,0.05952378458944331,0.08843007755224046
B0005,155,135.90596277777783,24.0,1.3134751321324272,0.7075055383642601,6,-1.678524839793589,33.20860833999321,3.4729305773503527,0.05967664811705819,0.08584374973711092
B0005,156,136.69196972222227,24.0,1.3132020634442203,0.7073584494666222,5,-1.6839115230941766,33.236115055926255,3.4696192030612285,0.05975988463048883,0.08662483639594361
B0005,157,137.47514666666672,24.0,1.3077959946944353,0.704446461650727,4,-1.6773783325850857,33.18660088296571,3.470018470757559,0.05950259165745283,0.08636882918668189
B0005,158,138.2583630555556,24.0,1.3030329186405918,0.7018808229071344,3,-1.676425373206175,33.174058099115534,3.470762691935287,0.05955598055289399,0.08821831541627395
B0005,159,139.03910527777782,24.0,1.3033573559038205,0.7020555815721221,2,-1.67627880896028,33.253984518546055,3.468111467035994,0.05949136479118529,0.08873029794077426
B0005,160,139.82007333333337,24.0,1.3034100438655642,0.7020839620292978,1,-1.6817992883033976,33.3198093248819,3.4648625780221494,0.06052114924707915,0.08753623977970666
B0005,161,140.59852388888893,24.0,1.2978870806495706,0.699109008817086,0,-1.6750812261110137,33.33765795318198,3.467864133752208,0.05982677899726283,0.08853801860235527
B0005,162,141.3767530555556,24.0,1.2980735056918902,0.6992094269724848,0,-1.675366426273468,33.29076744042025,3.464021404592563,0.057944393691446945,0.08890519876854222
B0005,163,142.15509500000005,24.0,1.293463613844243,0.6967263011532883,0,-1.6744879201095209,33.27568841807217,3.4664623858156745,0.06175931225184275,0.0847212726764891
B0005,164,142.9310366666667,24.0,1.288003392619118,0.6937851440175622,0,-1.6674467270234996,33.32067807371405,3.46850906693551,0.05898908039586478,0.08573621892771217
B0005,165,143.70697833333335,24.0,1.2874525221379407,0.6934884167276275,0,-1.6674702882406252,33.37314972896719,3.466806213058136,0.05763029720163586,0.08742389347930328
B0005,166,144.48266861111114,24.0,1.3090153642307354,0.705103277055252,0,-1.6888978346592105,33.71351889594897,3.471070722008039,0.057823749393303175,0.08975687046479841
B0005,167,145.26100638888892,24.0,1.3250793286429356,0.7137561578838874,0,-1.6979281889133206,33.86531768239223,3.475472204020004,0.057823749393303175,0.08975687046479841
B0006,0,0.0,24.0,2.035337591005598,1.0,101,-1.990533350635129,32.142777859921516,3.556946061827572,,
B0006,1,1.025065,24.0,2.0251402460314116,0.9949898508143074,100,-1.990277542145709,32.29307515705474,3.56147580138708,,
B0006,2,2.0451605555555554,24.0,2.013326371345464,0.9891854698908897,99,-1.9899467848963859,32.24414709253608,3.5667524696413215,,
B0006,3,3.0595052777777774,24.0,2.0132846655407413,0.9891649790372313,98,-1.9896009282099438,32.14711742429942,3.5687953371516272,,
B0006,4,4.068272777777778,24.0,2.000528337624771,0.9828975529491258,97,-1.9895483606575701,32.06687277315468,3.563970503289941,,
B0006,5,5.076376111111111,24.0,2.0138990759931645,0.989466850557287,96,-1.9901040351037365,32.03447836207717,3.5735512387791406,,
B0006,6,6.090898611111111,24.0,2.013101105626967,0.98907479256665,95,-1.9900886222380372,32.11157496697372,3.5711391343785897,,
B0006,7,7.1050175,24.0,1.9687898262728398,0.9673038197560735,94,-1.9891170520197212,32.112576242471775,3.5681507462163036,,
B0006,8,8.097365555555555,24.0,1.9681661764334244,0.9669974087497759,93,-1.9892116643905464,32.03566207329278,3.5692834155812436,,
B0006,9,9.083641666666667,24.0,1.9572307917560536,0.9616246466459876,92,-1.989191243247005,31.99527968872302,3.563388513484579,,
B0006,10,10.0701,24.0,1.9455991514129352,0.9559098009149796,91,-1.9891317699701738,31.874127571841353,3.566658719765511,,
B0006,11,11.050725,24.0,1.9347505044841131,0.9505796547137972,90,-1.9887805507702212,32.120959708576166,3.5687035970122842,,
B0006,12,12.020451666666666,24.0,1.9232799539368028,0.9449439554578114,89,-1.9887320866401275,32.11021168908644,3.569207084156356,,
B0006,13,12.98441861111111,24.0,1.911889930948487,0.939347820920401,88,-1.9887200290368634,31.989061278918154,3.5659271296109383,,
B0006,14,13.948307499999999,24.0,1.9010667141979305,0.9340301690486008,87,-1.9887874042287874,31.878814448635442,3.5612417270649486,,
B0006,15,14.906723333333332,24.0,1.8891989948061458,0.9281993331989463,86,-1.9885910895930397,31.767450711024402,3.557881987836072,,
B0006,16,15.859336388888888,24.0,1.878278372248849,0.9228338240050139,85,-1.9884892463229662,31.78991634963658,3.56282437243777,,
B0006,17,16.806415277777777,24.0,1.8675697161520206,0.9175724579573611,84,-1.9883474274444874,31.82883467218067,3.5591953280168633,,
B0006,18,17.748199166666666,24.0,1.8675892574453767,0.9175820589657847,83,-1.9774549866256104,31.890449470827843,3.5580906165580983,,
B0006,19,18.689943888888887,24.0,1.979626548250818,0.9726281070025072,82,-1.9892347833261184,31.51177053595285,3.565899462157853,0.06123359021000344,0.0785415394665875
B0006,20,19.687647777777777,24.0,1.9575499080884022,0.9617814345585967,81,-1.9890474874073771,31.874488497680712,3.570814209348872,0.06062991544979002,0.07802409378290423
B0006,21,20.674396944444442,24.0,1.9458150170787551,0.956015859814876,80,-1.988682950523383,31.53911453638972,3.5666817833633124,0.0608598716542857,0.07840240203025303
B0006,22,21.655390833333332,24.0,1.9242461121680094,0.945418647339628,79,-1.9885447318884866,31.220866832188786,3.5668392745025836,0.06006450818180178,0.07807093382204865
B0006,23,22.625642777777777,24.0,1.9459811331421641,0.9560974757905958,78,-1.9885639445355097,31.119005145018026,3.571051969392875,0.05913130853407464,0.07795570757873038
B0006,24,23.601085555555557,24.0,1.901407930553079,0.9341978151219875,77,-1.9880563928902786,31.033244078156734,3.5666308474029793,0.06059698754511872,0.07938182566133384
B0006,25,24.55440138888889,24.0,1.878674213680085,0.923028308415357,76,-1.9772969675547487,31.001249222460967,3.5527392240854914,0.0604355089729667,0.07949409294266127
B0006,26,25.50749166666667,24.0,1.8683061328264219,0.9179342734506019,75,-1.9771693646864965,30.921434744041356,3.5560959755046615,0.0598822703747387,0.07871218357298479
B0006,27,26.455382222222227,24.0,1.8560244070082998,0.9119000283836427,74,-1.9660385076397233,30.929360248207214,3.5504500858303394,0.06058721482266893,0.07989533922911993
B0006,28,27.40279555555556,24.0,1.8451997961855777,0.9065816915777205,73,-1.9445990482746272,31.00810965793079,3.546007083640312,0.06090836519034555,0.0797490751361702
B0006,29,28.350217222222227,24.0,1.857228890885317,0.9124918141799352,72,-1.9769156942357176,30.96779499306422,3.554257954720065,0.060369152473069135,0.08014506815871338
B0006,30,29.29263916666667,24.0,1.9247760889090635,0.9456790349742867,71,-1.9997552547832569,31.10097217303459,3.555857469677978,0.06209144685667864,0.08164302964777198
B0006,31,30.256714722222227,24.0,1.8822317526092551,0.9247761948322795,70,-1.9884344406296768,31.307368922041046,3.5537306734803207,0.06232003183337441,0.08021169162372531
B0006,32,31.20507833333334,24.0,1.855276687885587,0.9115326597829658,69,-1.9771310999966942,31.131339987164562,3.5452650003621513,0.06189122330035962,0.08120805787615462
B0006,33,32.14819472222223,24.0,1.8392508917181876,0.9036588818710266,68,-1.965705768920947,30.828713779105055,3.538408778928339,0.06171642129064926,0.08150165216580176
B0006,34,33.088750277777784,24.0,1.8185396073994429,0.8934830346748316,67,-1.9542494702422435,30.761533072057244,3.5297688311332673,0.06199878481176484,0.08138761044036787
B0006,35,34.02435777777779,24.0,1.8134770059567056,0.8909956824708977,66,-1.9490605727432448,31.30305692941581,3.5300676840423306,0.06250406054880163,0.08169124692338582
B0006,36,34.95998722222223,24.0,1.7971018450305436,0.8829502550201761,65,-1.9373547119632697,31.06432144678013,3.5248882875629555,0.06201388686472383,0.08131610081343171
B0006,37,35.89296472222223,24.0,1.7810046294120476,0.8750413873759919,64,-1.9312604088713479,30.96654665282149,3.5190926887152725,0.06183019217410585,0.08120435160553863
B0006,38,36.82060361111112,24.0,1.7710130422682329,0.8701323309187394,63,-1.925413982519257,30.826455697992966,3.5151810230271,0.06282694657880761,0.08347157844651079
B0006,39,37.74595500000001,24.0,1.7604712448170943,0.864952945691579,62,-1.9198444871883995,31.080769482413952,3.514029112834162,0.06349817571333986,0.08385488671663242
B0006,40,38.66850722222223,24.0,1.7502913788006587,0.859951384249673,61,-1.908733158939213,31.694287817425337,3.514139684003936,0.060945139936148515,0.082015904986437
B0006,41,39.591241666666676,24.0,1.7394925037732578,0.8546456919285944,60,-1.90276801874341,31.875581783696685,3.509578354212467,0.0639175801612165,0.08216571708748939
B0006,42,40.5111938888889,24.0,1.7546766553637203,0.8621059538809914,59,-1.9093247566511207,31.543288143901563,3.5110708693292705,0.06223664045181756,0.08227519539898062
B0006,43,41.43546916666668,24.0,1.7659390941842175,0.867639403894526,58,-1.9306372167933323,31.420983409991024,3.5159179315855056,0.06223664045181756,0.08227519539898062
B0006,44,42.35549083333334,24.0,1.7337887419624838,0.8518433254632082,57,-1.907114151507875,31.15837149963786,3.50585340727078,0.06203106446308808,0.08319177703888532
B0006,45,43.27026083333334,24.0,1.713325912040734,0.8417895486292435,56,-1.8953541357988335,31.15661421699882,3.5010379345914444,0.06250649038034015,0.08426848073493345
B0006,46,44.18007416666667,24.0,1.7024077813673466,0.8364252637451849,55,-1.8892713805954209,31.206611383963253,3.497407662636496,0.06261533272747599,0.0839721783477321
B0006,47,45.08702305555556,24.0,1.82371946178183,0.8960279954741002,54,-1.9819359924929794,33.61169282822636,3.5388872766749144,0.06261533272747599,0.0839721783477321
B0006,48,46.011727777777786,24.0,1.8081284050314708,0.8883678132914206,53,-1.9653277079992455,32.85630077141311,3.5327430295356828,0.0645724621588098,0.08034229300933068
B0006,49,46.9365238888889,24.0,1.7757610945034283,0.8724651391251901,52,-1.9470636598230844,32.210981559158874,3.521214759733266,0.06368615846693702,0.08236363977175419
B0006,50,47.85362916666668,24.0,1.7447409841836798,0.8572243699983239,51,-1.9241628426386395,31.965090081650274,3.5093111439506677,0.06291209789909709,0.08214102281998399
B0006,51,48.76573000000001,24.0,1.729207034132373,0.8495922454210777,50,-1.9124470439353747,31.744801840189538,3.50716091973708,0.06366741172107057,0.08296956725555057
B0006,52,49.67548694444446,24.0,1.7081086552553244,0.8392262113192732,49,-1.8950209973545986,31.876564068962466,3.500928918686389,0.06454586928056331,0.08390558187210605
B0006,53,50.58261361111113,24.0,1.6975954237461768,0.8340608610817466,48,-1.8837082435178907,32.24289319481841,3.4973019898820894,0.06441730776729335,0.08332080296168762
B0006,54,51.489861666666684,24.0,1.6820634524029463,0.8264297086813447,47,-1.8716651994380054,32.07305565938816,3.4929038301187156,0.06517362934686399,0.08478155339352322
B0006,55,52.394748888888905,24.0,1.6714768322295086,0.821228301199745,46,-1.8654809345089407,32.030140929891196,3.488659224822318,0.06359515956336817,0.08418492196132377
B0006,56,53.29713583333335,24.0,1.6607591387047655,0.8159624948921792,45,-1.8592903578575999,31.984935871368258,3.4822930804774015,0.06528547500729169,0.08605041403439097
B0006,57,54.196793055555574,24.0,1.651121015038069,0.8112271017518528,44,-1.848156298789804,32.23677365476226,3.477575664197982,0.06653396257005847,0.08674821993371198
B0006,58,55.09683194444446,24.0,1.6401349256190927,0.8058294274458677,43,-1.8415742473538441,32.56097148037261,3.4787436506489255,0.06634112534272091,0.08720558299891104
B0006,59,55.99408444444446,24.0,1.6291999416165441,0.8004568622012265,42,-1.8297533943331723,32.48984985901219,3.4740152461288862,0.06590996191117977,0.08712834097374948
B0006,60,56.89124583333335,24.0,1.6088496302961666,0.7904583678923177,41,-1.8170860697729954,32.42612199208859,3.4718387718772696,0.06605623626692969,0.08756285633165226
B0006,61,57.78359833333335,24.0,1.6035244898969248,0.7878420253146665,40,-1.8111560774496664,32.29984271249387,3.463180130644551,0.06590274256382748,0.08820859113319164
B0006,62,58.676159166666686,24.0,1.5989712144027983,0.7856049146190022,39,-1.8113056300795982,32.610757585145336,3.463469391967206,0.06791172070092616,0.08831509615303365
B0006,63,59.566041944444464,24.0,1.5876273123575604,0.780031440176547,38,-1.803802475704306,32.25699351958767,3.46021805164007,0.06674377333784236,0.08857968181390717
B0006,64,60.453576666666685,24.0,1.5829719744686166,0.7777441842886215,37,-1.7982439953659044,32.47193402838835,3.462574876665621,0.06674377333784236,0.08857968181390717
B0006,65,61.34116361111113,24.0,1.567137636713563,0.7699644735295673,36,-1.7857963808615818,32.40219271195366,3.4537077937586056,0.06641297510611752,0.0895032370200492
B0006,66,62.22624611111113,24.0,1.5613446139713882,0.7671182514739364,35,-1.7850748194527644,32.30987415652578,3.4514035349888337,0.06686868471567307,0.08981021390663306
B0006,67,63.10859000000002,24.0,1.5511711892790419,0.762119854776846,34,-1.7785916660457872,32.35440526839345,3.450781146333252,0.0675638979208385,0.09093282660720825
B0006,68,63.988476944444464,24.0,1.5406741606295171,0.7569624653118686,33,-1.7727874712030285,32.4731363791227,3.446105572450592,0.06767916633501396,0.09097518732194294
B0006,69,64.8683988888889,24.0,1.5253138744624433,0.7494156650980108,32,-1.7601807681971697,32.52334649341759,3.4418152533277144,0.0679726933427561,0.09232410955240872
B0006,70,65.74592055555557,24.0,1.5301570318067428,0.7517952002501654,31,-1.7653027883569699,32.518264823491045,3.445008015985666,0.06833354741887734,0.09201668954083403
B0006,71,66.6205952777778,24.0,1.5246566834474087,0.7490927746753414,30,-1.7593486488770236,32.5437072434024,3.441164687975023,0.06885136093381199,0.0925822548520223
B0006,72,67.49534361111112,24.0,1.5145492986655427,0.744126824640059,29,-1.7526167898737661,32.562223096007365,3.443620591429828,0.06906646906873301,0.0934909607320899
B0006,73,68.36771777777778,24.0,1.509391504602082,0.7415927024943012,28,-1.7516949849801624,32.58978020040808,3.439943269617906,0.06870914709601504,0.09387730518518865
B0006,74,69.23761361111112,24.0,1.5039974333050705,0.7389424928579005,27,-1.7510429704034998,32.57089563557426,3.43602719305159,0.06952595566680789,0.09418623001298362
B0006,75,70.10481,24.0,1.4935201918040188,0.7337948251946333,26,-1.7388746112390865,32.537854347094196,3.436309312279291,0.06825231466048369,0.09343980119280403
B0006,76,70.97206694444445,24.0,1.4876323024497422,0.7309019933714036,25,-1.738622547139575,32.65645090520509,3.430470227771154,0.06960330384223117,0.09561343002331575
B0006,77,71.83919805555556,24.0,1.5302876214401704,0.7518593614163546,24,-1.7870762809520677,33.180785234653264,3.4417311090871063,0.06960330384223117,0.09561343002331575
B0006,78,72.70610361111112,24.0,1.5040760088360112,0.7389810985080334,23,-1.7612682208672186,32.71220835503141,3.4355429213552537,0.06944383967261045,0.09508674404018921
B0006,79,73.56827805555557,24.0,1.4887593608730894,0.7314557385723608,22,-1.7545532300777185,32.543943889007906,3.4272336842373576,0.0692409257238966,0.09541147475162996
B0006,80,74.4280263888889,24.0,1.4782779285546637,0.7263060118809538,21,-1.7364250156958492,32.6655410721976,3.4307536518687556,0.07018023704211739,0.09580053634249773
B0006,81,75.28796555555556,24.0,1.478459982215684,0.7263954583009604,20,-1.7371686757879778,33.160922870564626,3.430880434209888,0.07032112501568692,0.09530176637205882
B0006,82,76.14750111111111,24.0,1.473214844899973,0.7238184227571322,19,-1.7358183569582517,33.414445545408455,3.431984614031654,0.06930780981897802,0.09454813120638911
B0006,83,77.00487083333333,24.0,1.4675164935067897,0.7210187145326269,18,-1.7297302660430056,33.3541679486525,3.426913589626702,0.07066012489753228,0.09558033908197718
B0006,84,77.86198888888889,24.0,1.4516292657521335,0.7132130179126343,17,-1.7278671098991139,33.13634596100404,3.4220422356705154,0.07048796563268331,0.09637484690828765
B0006,85,78.71398972222222,24.0,1.4519237720967177,0.7133577144710262,16,-1.7269073147637581,32.92241762841388,3.4202687142856667,0.071253157527167,0.09693308592499948
B0006,86,79.56347777777778,24.0,1.4471484694777745,0.711011517633683,15,-1.7211995934038338,33.20338483123576,3.4248208106770663,0.07290881656804299,0.0968587759009549
B0006,87,80.41314777777778,24.0,1.4468538105659885,0.7108667461161282,14,-1.721141114732718,33.533950654066935,3.4234990883192666,0.0725103674563298,0.09660159139822988
B0006,88,81.26275277777778,24.0,1.4416741930284678,0.708321901683239,13,-1.7200547727480755,33.5767934055627,3.4247420964314874,0.07088794010729621,0.09740741420439394
B0006,89,82.10978833333333,24.0,1.5935866593100128,0.7829593804744059,12,-1.8210481343824243,33.224088400657315,3.450702139255875,0.07141473238066469,0.09614920599785416
B0006,90,82.99234916666666,24.0,1.5463902376915637,0.759770882494014,11,-1.821445703423604,33.37083344726966,3.4480475429907522,0.07075152805097641,0.09048196250260114
B0006,91,83.84872055555554,24.0,1.51470559175661,0.7442036144029749,10,-1.7899159936953069,33.43366634309322,3.4399481891896455,0.07030413873328058,0.0930529362512398
B0006,92,84.70268333333333,24.0,1.4989786083335404,0.7364766488653811,9,-1.7769345930773324,33.28676739403043,3.434112914501242,0.07156671814928477,0.09367023927457886
B0006,93,85.55435,24.0,1.4831110745410492,0.7286806282628964,8,-1.7640032117743045,33.14347737377552,3.4325600940363916,0.07235057565104601,0.09440345976365576
B0006,94,86.40336027777778,24.0,1.4729664825468278,0.7236963976177928,7,-1.7571701008871028,33.11021541795579,3.4270614887575657,0.07033788263426383,0.09507092273616935
B0006,95,87.25008777777778,24.0,1.4627604396099307,0.7186819749578868,6,-1.7502670210777267,33.18991802149879,3.427340316812041,0.07148316063857231,0.09546831610525248
B0006,96,88.094315,24.0,1.4518364681062514,0.7133148203630159,5,-1.7439614243216512,33.26265398635676,3.423482197888437,0.07177878179971342,0.09678915937102545
B0006,97,88.93849472222222,24.0,1.4468670644030392,0.7108732579778997,4,-1.736850855663561,33.299978841087025,3.4220957701069374,0.07217659052012376,0.09731548106056298
B0006,98,89.78026555555554,24.0,1.441380399427779,0.7081775553094546,3,-1.7360045229798653,33.31663547841367,3.421883545422636,0.07275773932145782,0.09742370041141407
B0006,99,90.61943222222222,24.0,1.431210744960774,0.7031810109956533,2,-1.729690117077797,33.39150630507064,3.4195777411151886,0.07161196696477634,0.09618267512171286
B0006,100,91.45880722222222,24.0,1.4260247179525716,0.7006330174681323,1,-1.7287954627467013,33.41522427488497,3.4175281789596474,0.07236285655797875,0.09800608224040097
B0006,101,92.2955475,24.0,1.420487649966195,0.6979125508434085,0,-1.7216729981632184,33.39690850726103,3.4197860540725715,0.07217187946582546,0.09754420653220938
B0006,102,93.12961444444444,24.0,1.4207006230355006,0.6980171885557206,0,-1.7228162229694663,33.73731993653,3.4171369298988705,0.07327514105662862,0.09816756377374604
B0006,103,93.96628111111112,24.0,1.452255804330839,0.7135208482113887,0,-1.7486639022205694,34.08965316576344,3.4305347141293625,0.07255344400984245,0.09400039614590885
B0006,104,94.80520055555556,24.0,1.431557632772571,0.7033514435633659,0,-1.7345160724760178,33.9987286593769,3.4250844180972875,0.0737422116355231,0.09682011701371697
B0006,105,95.63913722222223,24.0,1.415015751158943,0.6952241030736463,0,-1.7271570233190525,33.907397114007345,3.4171339862792935,0.07351181896001253,0.09784840606777727
B0006,106,96.47044361111112,24.0,1.4097311506517451,0.6926276785146194,0,-1.7305179027385762,33.70518417605219,3.417521467040602,0.07363095072187217,0.09872074778143794
B0006,107,97.29390694444446,24.0,1.404917318129309,0.6902625512041874,0,-1.7141443638380731,33.7458832944166,3.4181623236680356,0.07483720295528123,0.09855595497783809
B0006,108,98.12262222222223,24.0,1.395164296571563,0.6854707065486149,0,-1.7067823273466607,34.01657212624259,3.420331935905118,0.07422880685868813,0.09794583413307753
B0006,109,98.94909361111112,24.0,1.3945343832614077,0.6851612181802287,0,-1.7063596521950202,34.175023374593785,3.4192916311692465,0.07359262883289279,0.09794263420249376
B0006,110,99.77547833333334,24.0,1.3893171179312644,0.6825978766720686,0,-1.7052696591517462,33.976109677640174,3.414352330355796,0.07428961541366103,0.09782803971993742
B0006,111,100.59943666666668,24.0,1.3838379472327809,0.6799058560840853,0,-1.7046265574439607,33.84150372451663,3.412701167144591,0.07436247289279864,0.100297485432866
B0006,112,101.42064750000002,24.0,1.3736814238195123,0.674915763306282,0,-1.6985503106996724,34.1008464215818,3.410409522809144,0.07308819155500623,0.10028552688952369
B0006,113,102.24185416666668,24.0,1.3786059891863676,0.6773352957654757,0,-1.6982347588599789,34.34663683304219,3.414419320260644,0.07390565956199621,0.10034826354300655
B0006,114,103.06307805555558,24.0,1.3737600299108574,0.6749543839713218,0,-1.6971165805711328,34.216231530637586,3.4131710032395315,0.07406486350284623,0.09903658397481056
B0006,115,103.88176305555558,24.0,1.3682580583942712,0.6722511609085237,0,-1.6959199401004303,34.041617020161176,3.4107019261975147,0.07434066648007011,0.10067908230747398
B0006,116,104.69786972222225,24.0,1.3633024037317505,0.6698163536881292,0,-1.6953163120957457,33.890212870710734,3.4089059214760367,0.0749835856113319,0.1003809603504959
B0006,117,105.51151555555559,24.0,1.3580966140172601,0.6672586503678076,0,-1.6890383512433216,34.116762412437,3.4134080258317576,0.07363422580248341,0.10034341350119641
B0006,118,106.32497500000004,24.0,1.353269090999531,0.6648867966571198,0,-1.689240311218937,34.490493589415046,3.411221044859532,0.07495654638579109,0.0986748779007716
B0006,119,107.13869027777781,24.0,1.3841605738237488,0.6800643686533974,0,-1.7102007614808157,34.23744800906639,3.4155210852213678,0.075132937700244,0.09988518450397564
B0006,120,107.95703222222225,24.0,1.4051467790651473,0.6903752897183545,0,-1.730244918610445,34.41428886050454,3.4229838362549794,0.075132937700244,0.09988518450397564
B0006,121,108.77798722222225,24.0,1.378719022627353,0.6773908312410081,0,-1.7152465923901479,34.16445180476378,3.414757022019347,0.07592804413673004,0.10032970664387303
B0006,122,109.59399416666669,24.0,1.3682657783199066,0.6722549538545536,0,-1.7013404928191733,33.877146811272176,3.41435871627236,0.07550871785129283,0.10116073256897913
B0006,123,110.40762694444447,24.0,1.3573151296618016,0.6668746922672389,0,-1.7004366132157598,33.839566254190565,3.4091886698418046,0.07460959963253604,0.10145892418195081
B0006,124,111.2182866666667,24.0,1.3524934638801596,0.6645057163278422,0,-1.6873533635265776,33.818304796930946,3.411930366643558,0.07487960335651152,0.10060335245891304
B0006,125,112.0293455555556,24.0,1.3474099151661236,0.6620080723318286,0,-1.6919294969110734,33.812621135472135,3.4094417183837504,0.07528060880004324,0.10254518763662164
B0006,126,112.83501833333337,24.0,1.3370075130842318,0.656897174696045,0,-1.6852952939579415,33.79894614410012,3.4081896097479882,0.07499556374166019,0.10138737916427212
B0006,127,113.64095583333336,24.0,1.3312352966718526,0.6540611751852576,0,-1.6787428835073943,33.702723745621576,3.40737851449911,0.07635857115497807,0.1014317733775896
B0006,128,114.44684111111114,24.0,1.3259303781727643,0.6514547680110712,0,-1.6712137513430336,33.63562651984647,3.4085862639015,0.07477686532784665,0.10280887562042597
B0006,129,115.25007444444448,24.0,1.321578743867529,0.6493167274597319,0,-1.6768931248947176,33.690724061796516,3.404843616147767,0.07601129120974016,0.10207495349364025
B0006,130,116.0508816666667,24.0,1.321225074066109,0.6491429627717592,0,-1.6701186583642826,33.71317033815572,3.4081057374178703,0.07632337493459862,0.1024320211016061
B0006,131,116.85178861111115,24.0,1.3156485301862682,0.6464031008911139,0,-1.6634753413292604,33.65376593260611,3.4091728540380735,0.0749954456773232,0.10259630569279
B0006,132,117.65261333333336,24.0,1.3209025697502388,0.648984510278524,0,-1.6645875549232958,33.983578066068176,3.4110817622184233,0.07655910700249269,0.10301800475787612
B0006,133,118.45585111111114,24.0,1.3474328767273906,0.6620193537828117,0,-1.6918384605140158,33.816348135475515,3.4167486246717154,0.07655910700249269,0.10301800475787612
B0006,134,119.26175388888892,24.0,1.3260128072353616,0.6514952669744675,0,-1.6711981411684529,33.60692030225909,3.4169689184247174,0.07655910700249269,0.10301800475787612
B0006,135,120.06500472222226,24.0,1.3101186784831063,0.6436861797633369,0,-1.6632769410531225,33.47350597721994,3.4105763913818787,0.07627816468715698,0.10209285250394709
B0006,136,120.86584250000003,24.0,1.30521620229393,0.6412775001365069,0,-1.6559085740676296,33.209178727620106,3.4113335283009314,0.07628105077777647,0.10123049924820199
B0006,137,121.66402388888892,24.0,1.3004061951355774,0.6389142523000749,0,-1.6561009220603313,33.58088963686094,3.4081283345557187,0.07559149558239868,0.10170048160813132
B0006,138,122.46236583333337,24.0,1.300235735841116,0.6388305024124815,0,-1.6493259508429792,33.76400861956033,3.4125732422699135,0.07436926956755013,0.10195116957544287
B0006,139,123.2607641666667,24.0,1.2895066722480755,0.6335591097744968,0,-1.6481131076816375,33.57003564415372,3.407693686560286,0.07554946383264172,0.1033905552179119
B0006,140,124.0565930555556,24.0,1.279253057384795,0.6285213141239901,0,-1.6402541382604887,33.272050895552354,3.4073499608041957,0.07543780913259987,0.10190222500615645
B0006,141,124.84967444444449,24.0,1.2792078171714618,0.6284990867482796,0,-1.6339151095418003,33.12740933210319,3.409292163767801,0.0752830478385875,0.10212799871439257
B0006,142,125.64290361111115,24.0,1.274036760902923,0.6259584486293798,0,-1.6340244573659812,33.439116773449626,3.4095492354804775,0.07504265846305132,0.10234809729911541
B0006,143,126.4361241666667,24.0,1.2741273923001468,0.6260029775555019,0,-1.632488007933941,33.482874768414376,3.410318915287339,0.07493083270026814,0.10316530446995302
B0006,144,127.22707888888893,24.0,1.2637639426440779,0.6209112179860495,0,-1.6192610042624402,33.22136307064441,3.409269478846637,0.07555918138378297,0.10171557782292613
B0006,145,128.01801222222227,24.0,1.2581373688955233,0.618146775481072,0,-1.6178242977824624,32.98562738901426,3.4094374435069095,0.07529135855581007,0.10399050592213124
B0006,146,128.80615888888894,24.0,1.253259864055301,0.6157503647520722,0,-1.6181015728870058,32.970182781539556,3.403885091976961,0.07695888745317593,0.10278141799912464
B0006,147,129.59429250000005,24.0,1.2532313315493426,0.6157363461901961,0,-1.6180985297864203,33.31018716138479,3.4065929107527846,0.07582454225155175,0.10410637069985224
B0006,148,130.38276888888893,24.0,1.2480874960313577,0.613209082142838,0,-1.6103535053387172,33.23406652671602,3.4095930016592684,0.07591191584477391,0.10494385154400138
B0006,149,131.1684155555556,24.0,1.2534354284944844,0.6158366228941904,0,-1.611644410040853,33.117656712920734,3.409409922814414,0.07629297155319334,0.10647126315333194
B0006,150,131.95682250000004,24.0,1.2898048773266901,0.6337056235911395,0,-1.6420364978388977,33.78417036686004,3.4195489282896943,0.07444944766297028,0.09763490351376954
B0006,151,132.75253000000004,24.0,1.2635402021758835,0.620801290046241,0,-1.6194806393973795,33.806439563441614,3.4151799904187996,0.0752876188558989,0.10131281846755223
B0006,152,133.54319388888894,24.0,1.2479761706842853,0.6131543858862738,0,-1.6048643562670923,33.63735785291911,3.4154594925159083,0.07525091465096566,0.10263114150619053
B0006,153,134.33151861111116,24.0,1.2321202877943334,0.6053640895934027,0,-1.5916400783224371,33.58195933847606,3.4130336456755868,0.07579555842218386,0.10337622430701954
B0006,154,135.11989527777783,24.0,1.2271137666213534,0.6029042906907026,0,-1.5901105081883435,33.56245583951572,3.4094524356574096,0.07634314633390711,0.10459379391771405
B0006,155,135.90596277777783,24.0,1.2217397581377356,0.6002639382954212,0,-1.5767754479909835,33.5111267532655,3.4138496008165014,0.07548574752727838,0.10415670198896312
B0006,156,136.69196972222227,24.0,1.211102678915174,0.5950377393250057,0,-1.575262673173442,33.53675907012135,3.410900672125043,0.075678173941146,0.10498941605859084
B0006,157,137.47514666666672,24.0,1.2056159765131735,0.5923420182680926,0,-1.5684640005188113,33.49803069556778,3.4105744140130074,0.07639730618221811,0.10625558495145841
B0006,158,138.2583630555556,24.0,1.2008936262717274,0.5900218379391315,0,-1.5671286757845893,33.516977262709986,3.4096514247359915,0.07554089552390525,0.10325199429925233
B0006,159,139.03910527777782,24.0,1.1905903985558335,0.5849596665522201,0,-1.5537993411647462,33.531923269271225,3.4128578373442537,0.07758555911246837,0.10473113760753461
B0006,160,139.82007333333337,24.0,1.185179251041941,0.5823010670462684,0,-1.5521827524962775,33.567636169584304,3.413450901705652,0.07914099539982122,0.10410597469599145
B0006,161,140.59852388888893,24.0,1.1796706818144624,0.5795946024028492,0,-1.5452652929126827,33.60493096509702,3.414388187503409,0.07703480377026387,0.1043025357256912
B0006,162,141.3767530555556,24.0,1.1745952836753915,0.5771009629390571,0,-1.538651770825325,33.54281440778599,3.412419038813061,0.07558657312230183,0.10545022867710716
B0006,163,142.15509500000005,24.0,1.15381833159625,0.5668928519254556,0,-1.5169723774339863,33.472459360982775,3.4148103057455175,0.07680024027253078,0.10505838895245793
B0006,164,142.9310366666667,24.0,1.1644009557372264,0.5720922960804411,0,-1.5238501013926742,33.58210389885497,3.4166177332601,0.07773379473968531,0.1055258410926404
B0006,165,143.70697833333335,24.0,1.1587974947916069,0.5693392093343496,0,-1.523792814686802,33.6634605108384,3.4121341541171764,0.07649758460967311,0.10668360253694291
B0006,166,144.48266861111114,24.0,1.1749748834769171,0.5772874675283711,0,-1.5391310859398721,33.730546074122294,3.419700177568569,0.07693445086160708,0.10589812281309796
B0006,167,145.26100638888892,24.0,1.1856752327929356,0.582544752296905,0,-1.5426703969635054,33.8912822372509,3.4234687742187893,0.07693445086160708,0.10589812281309796
B0007,0,0.0,24.0,1.89105229539079,1.0,167,-1.8691188840185695,32.62485875142121,3.522006703394617,,
B0007,1,1.025065,24.0,1.880637027686859,0.9944923428456648,166,-1.8680422715350309,32.738209593287145,3.5319490434317116,,
B0007,2,2.0451605555555554,24.0,1.8806626717011388,0.9945059035569906,165,-1.877784734502072,32.68511456550919,3.5344025220217845,,
B0007,3,3.0595052777777774,24.0,1.8807709009833444,0.9945631358622364,164,-1.8875256535871228,32.554748499572646,3.53492504932652,,
B0007,4,4.068272777777778,24.0,1.8794508728285058,0.9938650969142624,163,-1.8871559747738404,32.46787845303298,3.534536640068787,,
B0007,5,5.076376111111111,24.0,1.8807003517117404,0.9945258289766596,162,-1.8675154082122565,32.48624734055599,3.5411626672196816,,
B0007,6,6.090898611111111,24.0,1.8799352523566075,0.9941212397661985,161,-1.8673304059806155,32.55779966353037,3.541165612176161,,
B0007,7,7.1050175,24.0,1.8815088124038797,0.9949533479268811,160,-1.9063154499484403,32.45374435641106,3.5494581176357975,,
B0007,8,8.097365555555555,24.0,1.8696907870385844,0.9887039039563995,159,-1.9164259300038171,32.373246444985035,3.5502805464079743,,
B0007,9,9.083641666666667,24.0,1.870052380139199,0.9888951165957833,158,-1.9165016044519978,32.30534276235138,3.5481347674910286,,
B0007,10,10.0701,24.0,1.8700442394188577,0.9888908117331621,157,-1.926771167846017,32.183319483399806,3.5484272148956437,,
B0007,11,11.050725,24.0,1.8596518987766364,0.9833952785490447,156,-1.936979366983281,32.378853181816005,3.5560433603714667,,
B0007,12,12.020451666666666,24.0,1.8590746560862206,0.9830900290898824,155,-1.947065774665518,32.2913249500013,3.5604849642800684,,
B0007,13,12.98441861111111,24.0,1.8590084577709232,0.9830550230165661,154,-1.946961601670498,32.14782797344657,3.5562872542469752,,
B0007,14,13.948307499999999,24.0,1.8593622586957048,0.9832421151057928,153,-1.946851050742258,32.01380948237792,3.5647746218187324,,
B0007,15,14.906723333333332,24.0,1.8587355450601035,0.9829107051087616,152,-1.9574063719005568,31.881310103471357,3.565438928797127,,
B0007,16,15.859336388888888,24.0,1.847817291322145,0.977137065868551,151,-1.9680136940585706,31.854304304240515,3.565961679108638,,
B0007,17,16.806415277777777,24.0,1.8485252916137047,0.9775114607455649,150,-1.9680499927642312,31.856555404576753,3.572496559005355,,
B0007,18,17.748199166666666,24.0,1.848378951850034,0.9774340753850292,149,-1.9680218912213907,31.867182607083926,3.5699492020415136,,
B0007,19,18.689943888888887,24.0,1.8807805437609766,0.9945682350219243,148,-1.9066656790606797,32.35216872128999,3.5464338449590023,0.03816813609946085,0.06158094574229446
B0007,20,19.687647777777777,24.0,1.8814721597443598,0.9949339657767368,147,-1.9267118604677658,32.60219299451182,3.5531968089006387,0.03971312292013592,0.06180654339682964
B0007,21,20.674396944444442,24.0,1.8810954313244785,0.994734749488113,146,-1.9260915660103672,32.19571819720114,3.5599340214678805,0.03840146399106517,0.06100130384680727
B0007,22,21.655390833333332,24.0,1.8710089649779995,0.9894009644991608,145,-1.9468340181835688,31.805988160181123,3.5595604968237993,0.0371051772037323,0.06007565108189894
B0007,23,22.625642777777777,24.0,1.8701995151941375,0.9889729225111973,144,-1.9364196896718646,31.737001978644926,3.552385161941813,0.037833946033938984,0.061293760421866045
B0007,24,23.601085555555557,24.0,1.8706715362800985,0.9892225301434724,143,-1.9675984733558025,31.51707667966367,3.5707670304281067,0.037520425405365855,0.060073134186248135
B0007,25,24.55440138888889,24.0,1.8596124644020169,0.9833744254109715,142,-1.9680130544442065,31.442860781038384,3.5657224847439295,0.03739727137150672,0.0612330724542185
B0007,26,25.50749166666667,24.0,1.860033909718346,0.9835972882674648,141,-1.9675572757550353,31.32326275303232,3.5712835067487094,0.03591968009886427,0.06057069111701671
B0007,27,26.455382222222227,24.0,1.8591653109160768,0.9831379679174215,140,-1.967618505240168,31.28571570579735,3.5679716274891398,0.03738579892114978,0.06131737602920535
B0007,28,27.40279555555556,24.0,1.8481398178778288,0.9773076198804469,139,-1.9678214300979182,31.331850868998004,3.5646314038791784,0.03789058841967389,0.06032875855026001
B0007,29,28.350217222222227,24.0,1.849201702126164,0.9778691507545129,138,-1.9675056354779956,31.32285733932258,3.568983888921194,0.03715722957533256,0.06103479269674707
B0007,30,29.29263916666667,24.0,1.8834677437950846,0.9959892428071969,137,-1.9683447778186904,31.608436452122476,3.564620688944316,0.04119201955867326,0.06848356653346994
B0007,31,30.256714722222227,24.0,1.8628211117905844,0.9850711777410832,136,-1.9788067754387157,31.782101501165204,3.5694388142217837,0.041759405414555945,0.06445608820977453
B0007,32,31.20507833333334,24.0,1.852085039652352,0.9793938772431541,135,-1.9785908218423578,31.515041989202878,3.568742147335628,0.04232704798626884,0.06414150947613172
B0007,33,32.14819472222223,24.0,1.8469504648208708,0.9766786827220949,134,-1.9784335668087778,31.13866351339678,3.5642424070467817,0.03967286398299121,0.06333755034552216
B0007,34,33.088750277777784,24.0,1.836828431169018,0.9713260895248977,133,-1.9781601679702336,31.068710515588776,3.5653038098527605,0.04046536725285732,0.06397225205950727
B0007,35,34.02435777777779,24.0,1.8371619619672275,0.9715024626474299,132,-1.9783765899690637,31.618244836823447,3.565432167703823,0.04083099544598788,0.06292223531520325
B0007,36,34.95998722222223,24.0,1.8316722583718854,0.9685994738677316,131,-1.9780771457931066,31.331528063668397,3.5622303163451425,0.04078701229987664,0.06338858492819599
B0007,37,35.89296472222223,24.0,1.8211470951317783,0.9630337032828774,130,-1.9780971417908424,31.132569191182142,3.564481026852489,0.03981735939635393,0.06446689612483536
B0007,38,36.82060361111112,24.0,1.816506091511515,0.960579512231908,129,-1.977978349880126,30.972969676157927,3.561614556780574,0.03879098770177327,0.06280987925671022
B0007,39,37.74595500000001,24.0,1.8113815601504555,0.9578696287593303,128,-1.9784334957218421,31.1990648511682,3.5630587459190144,0.04135849902166442,0.06409309629130175
B0007,40,38.66850722222223,24.0,1.8116056333939583,0.9579881200586186,127,-1.9782873833989176,31.722267598269813,3.5629534367704405,0.04198813216408782,0.06290743673977844
B0007,41,39.591241666666676,24.0,1.8060548955557403,0.9550528559986308,126,-1.9781961432676651,31.900827580605675,3.563446012076242,0.0410635565050997,0.06183018814159419
B0007,42,40.5111938888889,24.0,1.8132041826994056,0.9588334426916011,125,-1.9670969462670498,31.5372402498617,3.563998342345823,0.0397095688006817,0.06308316873083149
B0007,43,41.43546916666668,24.0,1.8062641938283535,0.955163534203101,124,-1.9781214643703728,31.24662583059252,3.5604902283110547,0.0397095688006817,0.06308316873083149
B0007,44,42.35549083333334,24.0,1.7958310249900458,0.9496464108196084,123,-1.9780364457328714,30.939399361884792,3.5567002097886946,0.04658869845988432,0.06938696400889426
B0007,45,43.27026083333334,24.0,1.7858852600390451,0.9443870295876657,122,-1.977935781469453,30.884857004354572,3.5584127263446006,0.045058966847244336,0.06928051739204368
B0007,46,44.18007416666667,24.0,1.7803268604502753,0.9414477139472057,121,-1.9780170042003,30.920682316695828,3.556136820956992,0.04581384765227875,0.06966533025568689
B0007,47,45.08702305555556,24.0,1.8150756899575577,0.959823107156573,120,-1.9779140108313502,33.880577817079796,3.568999942180493,0.04581384765227875,0.06966533025568689
B0007,48,46.011727777777786,24.0,1.8157025154845838,0.9601545763224729,119,-1.978162017642311,33.038339318294426,3.571059290544873,0.04888655382152031,0.06968514370622465
B0007,49,46.9365238888889,24.0,1.8002432178056673,0.9519796053200333,118,-1.9779553399945098,32.27329169539202,3.5666921284622095,0.04805522182634865,0.06988641944387855
B0007,50,47.85362916666668,24.0,1.7904476205609308,0.9467996336880419,117,-1.9779914337720734,31.937919783481355,3.563327431073248,0.047509200748586077,0.07037254012210739
B0007,51,48.76573000000001,24.0,1.780343032300132,0.9414562657201504,116,-1.9721889844228178,31.688686599521045,3.5590146214829015,0.048179914298366426,0.07048007986898036
B0007,52,49.67548694444446,24.0,1.775328769596812,0.9388046929870528,115,-1.9723254573804139,31.779120691032947,3.5566945836342914,0.04853240735824653,0.07034952369656776
B0007,53,50.58261361111113,24.0,1.7702629734732853,0.9361258690667021,114,-1.9668382736785281,32.133873372089305,3.555013984911923,0.04974625536405859,0.07095960275807538
B0007,54,51.489861666666684,24.0,1.760081061854204,0.9307416120348377,113,-1.960929600351624,31.889431533099835,3.5526373754067415,0.04989362821249148,0.06988750479775756
B0007,55,52.394748888888905,24.0,1.749647593537689,0.9252243302854406,112,-1.9607588424014128,31.81736328028127,3.547186025484395,0.04762093306188868,0.06959637470924757
B0007,56,53.29713583333335,24.0,1.749650075059311,0.9252256425292258,111,-1.9607439129501683,31.72316205746117,3.546814755244375,0.04647996212810349,0.07109805169409975
B0007,57,54.196793055555574,24.0,1.745028739214683,0.9227818519180979,110,-1.9550964299704847,31.957150654392294,3.5447850172972655,0.04796925031131609,0.07089251138004057
B0007,58,55.09683194444446,24.0,1.7396457455286727,0.9199352919899929,109,-1.955058998571939,32.29917704213345,3.5465215420964156,0.04822541815588505,0.07097691576307026
B0007,59,55.99408444444446,24.0,1.7285642277717963,0.9140753177397375,108,-1.9491545130405272,32.128842946565555,3.540832547654255,0.04908955036286932,0.07022873713037443
B0007,60,56.89124583333335,24.0,1.723900324588418,0.9116090172599749,107,-1.9485230174751031,32.021134355757404,3.542992511358393,0.048817413924019566,0.07189407403925935
B0007,61,57.78359833333335,24.0,1.7139788776485192,0.9063624955407813,106,-1.9431227050969846,31.859048861486652,3.5360811169860216,0.04889219507251717,0.07012605128802055
B0007,62,58.676159166666686,24.0,1.7139701997004613,0.9063579065888634,105,-1.9430080085541772,32.16100333536097,3.5392436935272635,0.04742321873077289,0.06907761875176498
B0007,63,59.566041944444464,24.0,1.7036521173638766,0.9009016416501656,104,-1.9425165961920092,32.10276048728767,3.5348237062932575,0.048460437754935325,0.0708375336017697
B0007,64,60.453576666666685,24.0,1.7040137474382486,0.9010928738414982,103,-1.9370190075205085,32.33880662180898,3.5366477402090606,0.048460437754935325,0.0708375336017697
B0007,65,61.34116361111113,24.0,1.6935716157343033,0.8955710108399318,102,-1.9310192096578356,32.21373014824893,3.5352062840980913,0.04890922045962195,0.07224375321168745
B0007,66,62.22624611111113,24.0,1.6876577363877656,0.8924437153331117,101,-1.9304738354803441,32.09949526722965,3.5329852237553396,0.05049341528042814,0.0714779278737494
B0007,67,63.10859000000002,24.0,1.6830744356583152,0.8900200379231206,100,-1.9305510314753316,32.11305439113157,3.532158560934324,0.049653807534869046,0.07281511275371025
B0007,68,63.988476944444464,24.0,1.6779270142025482,0.8872980500287017,99,-1.9247195409983122,32.20371989479744,3.5308376380023527,0.049804698569480284,0.07183693248710026
B0007,69,64.8683988888889,24.0,1.6732060275966172,0.884801563486559,98,-1.9245739020356052,32.23340825772458,3.5296958440720005,0.04960142143548596,0.07212114083797687
B0007,70,65.74592055555557,24.0,1.6674367208253988,0.8817507188402843,97,-1.9243785304854075,32.212169716369466,3.5281819372126093,0.04933286951263678,0.07263784411726666
B0007,71,66.6205952777778,24.0,1.6622662630667526,0.8790165492082501,96,-1.9184028799161776,32.21746401954225,3.5265730179666974,0.048245150285560964,0.07344417258506274
B0007,72,67.49534361111112,24.0,1.6574243065763063,0.87645609305257,95,-1.9181664471622712,32.23410177209762,3.5245022548553444,0.05001512861656075,0.07381936636092858
B0007,73,68.36771777777778,24.0,1.652538684928734,0.8738725464951953,94,-1.9180994998619483,32.228343983674435,3.5228548406546385,0.047456705587096075,0.07255600991617446
B0007,74,69.23761361111112,24.0,1.6472174627573322,0.8710586517211737,93,-1.9179522150901998,32.1833106060944,3.5222829121237855,0.048886406569936064,0.07289868386035867
B0007,75,70.10481,24.0,1.6364136810898071,0.8653455460107404,92,-1.9116539768893375,32.17200142078129,3.5189923820688493,0.04904240478915373,0.07202371305148902
B0007,76,70.97206694444445,24.0,1.6362554312048496,0.8652618625053486,91,-1.9115865510736891,32.03316223587618,3.5177844279570794,0.04861981736892422,0.07223470556283451
B0007,77,71.83919805555556,24.0,1.641119179218384,0.8678338421514901,90,-1.917648718820213,32.506671891788216,3.5212226057273495,0.04861981736892422,0.07223470556283451
B0007,78,72.70610361111112,24.0,1.6315700789656966,0.8627842196339309,89,-1.9111337702474194,31.961039485620926,3.5172227884430147,0.04830739180756976,0.07449610987674748
B0007,79,73.56827805555557,24.0,1.621213282987236,0.8573074826850354,88,-1.9108556098369367,31.798082670491866,3.5125010864221813,0.04807714089362054,0.07403770271784743
B0007,80,74.4280263888889,24.0,1.6164273214762122,0.8547766370163623,87,-1.9049762303506044,31.95802833708937,3.5129614635074673,0.048897202430558395,0.07193674461638987
B0007,81,75.28796555555556,24.0,1.615823510161921,0.8544573379066747,86,-1.9051068520548522,32.41813169746276,3.5125204100391962,0.05060519273798081,0.07400471120772745
B0007,82,76.14750111111111,24.0,1.61672418029789,0.8549336177737964,85,-1.9049079394753692,32.64044972789331,3.5151454557578807,0.05513227508897388,0.07463188429536609
B0007,83,77.00487083333333,24.0,1.6108655863730026,0.851835557535501,84,-1.898761620917719,32.56399373078006,3.513443179473182,0.052122387063300676,0.07530335771038864
B0007,84,77.86198888888889,24.0,1.6006603374309376,0.8464389595847521,83,-1.90433828068926,32.28305350922276,3.5097089402574535,0.05077571807567494,0.07496378520798935
B0007,85,78.71398972222222,24.0,1.5959174487005663,0.8439308910654777,82,-1.904192698545851,32.06065237439007,3.5042771471756997,0.05126724930337932,0.07541159661766002
B0007,86,79.56347777777778,24.0,1.5962179519462243,0.8440897990165642,81,-1.8982712229514884,32.365261126964526,3.509207943122176,0.051355678502895456,0.0749649652243977
B0007,87,80.41314777777778,24.0,1.5958065114633972,0.8438722267771133,80,-1.8977934870545983,32.68851871366292,3.5095064920492853,0.05194895745860293,0.07469906780400354
B0007,88,81.26275277777778,24.0,1.5906507821480704,0.8411458456358337,79,-1.9036436467205253,32.747733642524246,3.505203266169396,0.05128667477654547,0.07539484013414438
B0007,89,82.10978833333333,24.0,1.6888211161855506,0.893058917673428,78,-1.936992342648715,32.50500516961017,3.5281182345919753,0.05502813794451862,0.07705920199069437
B0007,90,82.99234916666666,24.0,1.6259938279733204,0.8598354640622486,77,-1.9233409193548265,32.91993878980996,3.519590928396835,0.05527266157182866,0.07666481641775076
B0007,91,83.84872055555554,24.0,1.6157433862812898,0.8544149679093845,76,-1.916884219356136,32.948305858317944,3.5146260368096875,0.05324102311684918,0.07558335014316388
B0007,92,84.70268333333333,24.0,1.6056626764846538,0.8490842270191371,75,-1.910472150518363,32.76906651915661,3.5115494818370454,0.05273469991494585,0.07574262774043826
B0007,93,85.55435,24.0,1.5949746921524348,0.8434323556466374,74,-1.904277326283454,32.59734424608833,3.510769869032659,0.054101669766115246,0.07605862048749032
B0007,94,86.40336027777778,24.0,1.5904102438871945,0.8410186475348281,73,-1.904002494100001,32.52349894408369,3.50804494279531,0.053379437619037746,0.0768769249386572
B0007,95,87.25008777777778,24.0,1.5853517062988178,0.8383436619721834,72,-1.9036546380501311,32.578228834731775,3.507748080950393,0.05523767045005179,0.07884381066373808
B0007,96,88.094315,24.0,1.5799737147242376,0.8354997471911441,71,-1.8977146678452774,32.62728298499839,3.5066673521067266,0.054439338280930595,0.07785420519610012
B0007,97,88.93849472222222,24.0,1.5752185465278068,0.8329851852152426,70,-1.8973347377958825,32.652115712561326,3.5061843921745397,0.05405487569096337,0.07821105614795815
B0007,98,89.78026555555554,24.0,1.569798484648868,0.8301190234003898,69,-1.8970045774163773,32.64767456395258,3.5051004339266254,0.05335322659418541,0.07819867312210359
B0007,99,90.61943222222222,24.0,1.5702565375950357,0.830361244595057,68,-1.8909127399289274,32.6993879231031,3.5054479186890566,0.05354779689154472,0.07799840526566774
B0007,100,91.45880722222222,24.0,1.565249873909438,0.8277136902689282,67,-1.8968789299198896,32.724576765133094,3.500074246846,0.05429631089195726,0.07755605645193993
B0007,101,92.2955475,24.0,1.559633933561147,0.8247439467235069,66,-1.8964710309338209,32.70434030242972,3.5011647157526498,0.054140507846383475,0.07849103991881125
B0007,102,93.12961444444444,24.0,1.5649820533392105,0.8275720651161599,65,-1.8967768141795405,32.74051962267582,3.500407285435189,0.05497736185369785,0.07863873360391814
B0007,103,93.96628111111112,24.0,1.57497949984227,0.8328587758683834,64,-1.9031485600103595,33.38712825139849,3.507816455272743,0.05427616393971161,0.07537775917996459
B0007,104,94.80520055555556,24.0,1.5652811168780458,0.8277302117414882,63,-1.9028574663381217,33.270627344923426,3.5025243992110107,0.054523978157317556,0.0781727897082057
B0007,105,95.63913722222223,24.0,1.559755497470126,0.8248082304608076,62,-1.8963219640753084,33.115074143665915,3.505155823274424,0.05441238770330601,0.07816806645061
B0007,106,96.47044361111112,24.0,1.549897685670499,0.8195953593923267,61,-1.908430732943726,32.90572814040102,3.4983646475135717,0.05451219205855288,0.07651054614613173
B0007,107,97.29390694444446,24.0,1.5438771531345021,0.8164116650277282,60,-1.889754408573026,32.953112654161664,3.500140843862167,0.052351911552094406,0.0772564945442686
B0007,108,98.12262222222223,24.0,1.5450187488690073,0.8170153478223752,59,-1.8959167588975119,33.2282109237263,3.49909547013937,0.055582769847162185,0.07723477152073635
B0007,109,98.94909361111112,24.0,1.5445940154102908,0.816790746176111,58,-1.889387844169526,33.361342590516294,3.5010357611640615,0.05474089300471066,0.07901841555586095
B0007,110,99.77547833333334,24.0,1.5343086721758876,0.8113517938745419,57,-1.8889185963670394,33.12431679486816,3.497212315865497,0.055237233438058246,0.0799393133533925
B0007,111,100.59943666666668,24.0,1.5287603942958483,0.8084178306554588,56,-1.8885071150010755,32.991553593266204,3.496089957852059,0.0572653476857599,0.07942312226110386
B0007,112,101.42064750000002,24.0,1.5289260249179843,0.8085054171397351,55,-1.8888180820733198,33.2318318845246,3.495877119417779,0.05107064795051435,0.07876484726875482
B0007,113,102.24185416666668,24.0,1.529091650133123,0.8085930007647584,54,-1.8887930414931369,33.5098123920945,3.493116071455022,0.05508857873132331,0.07806701171840846
B0007,114,103.06307805555558,24.0,1.5239059324661248,0.8058507616000151,53,-1.888168080257056,33.382402850667845,3.492655946458748,0.055778574185470456,0.07824269800333249
B0007,115,103.88176305555558,24.0,1.5186675419100615,0.8030806686899293,52,-1.887904907597145,33.17829959346276,3.49208824531703,0.058454793092531966,0.07808837738558039
B0007,116,104.69786972222225,24.0,1.5136482266426952,0.8004264241301146,51,-1.8877303662432205,33.01591345323486,3.490216477408044,0.05487289835073646,0.08114313792394433
B0007,117,105.51151555555559,24.0,1.5136050185229033,0.8004035754125528,50,-1.8878077163294114,33.271000362987586,3.4905931958620466,0.0568991758337347,0.07887220766486298
B0007,118,106.32497500000004,24.0,1.5139470614867965,0.8005844498202711,49,-1.887674933393443,33.61966967517867,3.4911419366203664,0.05574285095910161,0.08005685613579032
B0007,119,107.13869027777781,24.0,1.5339599193158786,0.8111673712327889,48,-1.901022727285377,33.29697162630193,3.49283645226053,0.05446434802277253,0.07791983537472322
B0007,120,107.95703222222225,24.0,1.5391372798653098,0.8139051911027366,47,-1.8951144121477894,33.393130865360554,3.5025157522808223,0.05446434802277253,0.07791983537472322
B0007,121,108.77798722222225,24.0,1.5236247972838737,0.8057020955991137,46,-1.8941478117057606,33.13820710362847,3.492953565598811,0.05604258367132115,0.07991327205972212
B0007,122,109.59399416666669,24.0,1.5135813035589147,0.8003910347947992,45,-1.8875042014728922,32.84069778843796,3.4917462636517236,0.05719697967170129,0.08185319457580625
B0007,123,110.40762694444447,24.0,1.5077850749847914,0.797325953734772,44,-1.8871434043422721,32.75739655594484,3.490432264232956,0.05533954029001459,0.08086669055606474
B0007,124,111.2182866666667,24.0,1.5031960676037333,0.7948992586125676,43,-1.8807630082774924,32.77234087259374,3.488861416967918,0.057050602535577005,0.08153840356165401
B0007,125,112.0293455555556,24.0,1.4978220596995881,0.7920574504207775,42,-1.886419275237733,32.720417557744895,3.4891932104785104,0.0577616170406075,0.0820660023586674
B0007,126,112.83501833333337,24.0,1.492848534633516,0.7894274199989884,41,-1.8800039366336023,32.710022803073514,3.4878785713375917,0.057585488535843915,0.08293347770359485
B0007,127,113.64095583333336,24.0,1.492414389867026,0.7891978415957107,40,-1.8733366537372407,32.62076759783716,3.486430546073901,0.05670666348649182,0.08268806521788226
B0007,128,114.44684111111114,24.0,1.487482776538081,0.7865899743564149,39,-1.879702248133121,32.57651826255201,3.4812572775226682,0.05871571908588068,0.08294174003043774
B0007,129,115.25007444444448,24.0,1.482535148640411,0.783973638515397,38,-1.8790751470067306,32.58396494906228,3.4823550791204023,0.057109751399146834,0.08239034528661737
B0007,130,116.0508816666667,24.0,1.4827874322228984,0.7841070476141841,37,-1.8728728303565048,32.623742674615976,3.4835074286280525,0.05701776890792207,0.0816566640960627
B0007,131,116.85178861111115,24.0,1.476971179775059,0.7810313778074761,36,-1.8726786421400121,32.58599202496769,3.478976541530706,0.05771468674207234,0.08397428323884612
B0007,132,117.65261333333336,24.0,1.4819015554137276,0.7836385905485969,35,-1.872734820116884,32.864544723781215,3.483501191305966,0.0568683507839505,0.08373541370295104
B0007,133,118.45585111111114,24.0,1.4981366198874824,0.792223791768746,34,-1.8800362373714223,33.079651096902374,3.4899701994096612,0.0568683507839505,0.08373541370295104
B0007,134,119.26175388888892,24.0,1.4820775214392872,0.7837316424573085,33,-1.8730214281226414,32.932141650182686,3.484801138956006,0.0568683507839505,0.08373541370295104
B0007,135,120.06500472222226,24.0,1.4771155312812152,0.7811077117652985,32,-1.8725486136074456,32.755748003791545,3.47835437960934,0.0546567857524269,0.08196905646669346
B0007,136,120.86584250000003,24.0,1.4720772783056488,0.7784434528297595,31,-1.8724613181992062,32.52965474617847,3.475694933923807,0.05855396288691582,0.0817127037862085
B0007,137,121.66402388888892,24.0,1.472248013656454,0.778533738725724,30,-1.8659419458758726,32.848065199041,3.481431873453954,0.058279853382820955,0.08282201995515953
B0007,138,122.46236583333337,24.0,1.4670106672274665,0.7757641979564112,29,-1.865786095147701,33.072327061961936,3.4796060336232353,0.06554333401316845,0.08712630369162297
B0007,139,123.2607641666667,24.0,1.4617672495335379,0.7729914466651281,28,-1.8654605849037513,32.85096451719535,3.4782258967329596,0.06343709105065118,0.08961239735080084
B0007,140,124.0565930555556,24.0,1.4566952670489708,0.7703093513592872,27,-1.865134613881632,32.572302329954546,3.4743233868367187,0.064090710272644,0.08923128682926011
B0007,141,124.84967444444449,24.0,1.451354972758956,0.7674853711324945,26,-1.858515986418667,32.450684441760906,3.4737305453330443,0.0649449108692077,0.0882787478820197
B0007,142,125.64290361111115,24.0,1.451615926257375,0.7676233649357621,25,-1.8588972649148483,32.7394359440147,3.47481272321405,0.06309122315038551,0.09066468210852158
B0007,143,126.4361241666667,24.0,1.4468161332173683,0.7650852050701119,24,-1.8581969672334215,32.775898242252914,3.476096426841386,0.0635675339735441,0.09036756488030863
B0007,144,127.22707888888893,24.0,1.4467570607768785,0.7650539672029023,23,-1.8581200056254086,32.5817324044051,3.4686822529487804,0.06354297240865986,0.08993700983227765
B0007,145,128.01801222222227,24.0,1.4413797481446793,0.7622104114507394,22,-1.8577209868352302,32.35021153014993,3.4661964701943586,0.06362757826786986,0.09244959245559134
B0007,146,128.80615888888894,24.0,1.4362456252208178,0.7594954559011889,21,-1.8512458354075154,32.28754240914786,3.468183423895935,0.06590148740383334,0.09003267092142803
B0007,147,129.59429250000005,24.0,1.4368154153924828,0.759796764422933,20,-1.8514531972432,32.603239183227075,3.4678606629897453,0.06434871776064219,0.09283376873093901
B0007,148,130.38276888888893,24.0,1.4362945145860047,0.7595213088960034,19,-1.8574211435317929,32.61208344144242,3.4662499547181245,0.06476902315692028,0.09121990458691583
B0007,149,131.1684155555556,24.0,1.4418575315878015,0.7624630662526647,18,-1.857823928669184,32.26742656599958,3.462469269360201,0.06353069093235883,0.09116725503746168
B0007,150,131.95682250000004,24.0,1.4672063484781797,0.7758676753965592,17,-1.8658259561850365,32.637733704417855,3.480518309485383,0.06422481176747886,0.087404820535234
B0007,151,132.75253000000004,24.0,1.4518640367848885,0.7677545672975996,16,-1.8647784241320742,32.665258715232376,3.4723137993738336,0.06643642479689273,0.08671624569408547
B0007,152,133.54319388888894,24.0,1.4471379752748499,0.7652553971151791,15,-1.8578958465335809,32.502652632323915,3.474362108592906,0.06329811599005293,0.0883740485896972
B0007,153,134.33151861111116,24.0,1.441790586562399,0.7624276653144856,14,-1.8511947629213035,32.446842086875606,3.4722823212388754,0.06145601214896925,0.08889557028653669
B0007,154,135.11989527777783,24.0,1.431630947911111,0.7570551863639823,13,-1.8509042611451945,32.39361892904713,3.4701761898320465,0.06382375412452716,0.09017378045499043
B0007,155,135.90596277777783,24.0,1.4318084249673686,0.7571490373149529,12,-1.850858274670624,32.417221778010834,3.4635011119445216,0.06454679946231442,0.09024797990776603
B0007,156,136.69196972222227,24.0,1.4262562585106868,0.7542130177927987,11,-1.8504182940365097,32.40094040453025,3.467453100453348,0.06249691986052604,0.09115545784670619
B0007,157,137.47514666666672,24.0,1.4260877528924913,0.7541239109930523,10,-1.8436892876926974,32.36314241861482,3.4675864728547845,0.06334787344507525,0.09172637881195314
B0007,158,138.2583630555556,24.0,1.4212633510031694,0.7515727378176299,9,-1.8498733070449755,32.382600705235255,3.462182535852444,0.06729379539953537,0.08877642239876088
B0007,159,139.03910527777782,24.0,1.4163272748795108,0.7489625106252409,8,-1.8432877207292044,32.4323818014572,3.465962999117946,0.06579546046710036,0.08913718734703446
B0007,160,139.82007333333337,24.0,1.4165781829175994,0.7490951923277513,7,-1.8494580225090995,32.48861829940489,3.4601727514874407,0.06706903713310808,0.08931746529758988
B0007,161,140.59852388888893,24.0,1.4108401729425177,0.7460608976183626,6,-1.8426221358637018,32.524062377970175,3.464226115253961,0.06490942889368799,0.09075727480252856
B0007,162,141.3767530555556,24.0,1.4109949628347804,0.7461427514584917,5,-1.8427098003104345,32.482615965621896,3.458799193390812,0.06468467106868281,0.0912602372721357
B0007,163,142.15509500000005,24.0,1.4061714290398801,0.7435920373366998,4,-1.842239518040086,32.46389583182878,3.4620805499710854,0.06476607440681181,0.09331506762885133
B0007,164,142.9310366666667,24.0,1.4063358479692922,0.7436789830704655,3,-1.842252843487983,32.55681404542561,3.4578782949034514,0.06468646287403104,0.09357177480301318
B0007,165,143.70697833333335,24.0,1.4004552399066514,0.7405692816217144,2,-1.8356063485512333,32.576296430484255,3.461590937144894,0.06492526583837316,0.0913267326241943
B0007,166,144.48266861111114,24.0,1.4217865046055154,0.7518493846367692,1,-1.8561013515700384,32.81804879809979,3.462906230864041,0.06242528216023714,0.08981214323944718
B0007,167,145.26100638888892,24.0,1.4324552720625434,0.7574910940083355,0,-1.8574370794605966,32.92941193334214,3.4753580425264796,0.06242528216023714,0.08981214323944718
B0018,0,0.0,24.0,1.8550045207910817,1.0,131,-1.9541761960216968,31.773285281389256,3.5275462263272543,0.06515815158455215,0.09555369570022001
B0018,1,0.954136388888889,24.0,1.8431955317089987,0.993633983664338,130,-1.9474374301153292,31.924891594728642,3.534835576186522,0.06269644718508349,0.09161902925465781
B0018,2,1.9056600000000001,24.0,1.8396018424355423,0.9916966895859797,129,-1.9520511323479741,31.31691283374216,3.538246596159443,0.06137843058604763,0.09188288246238666
B0018,3,2.852986388888889,24.0,1.8306736044962053,0.9868836350412233,128,-1.9460914562122762,30.821190751176527,3.537697945111872,0.06133724861449716,0.09141202809622342
B0018,4,3.798741666666667,24.0,1.8327002069419656,0.9879761404357094,127,-1.9412796601390512,31.95346971511436,3.542667604586918,0.06143403300566526,0.09201876447685577
B0018,5,4.748086388888889,24.0,1.8285288846046388,0.9857274546289774,126,-1.9400338819083036,32.02311236185272,3.5451037330477333,0.06143403300566526,0.09201876447685577
B0018,6,5.695799166666667,24.0,1.8212011895697924,0.9817772243450524,125,-1.9335667184847714,31.634533158077694,3.5475142438631493,0.06143403300566526,0.09201876447685577
B0018,7,6.640109166666667,24.0,1.8151700106433282,0.9785259228744274,124,-1.9332161326561408,31.288194921595714,3.544812433691423,0.06143403300566526,0.09201876447685577
B0018,8,7.581428611111112,24.0,1.8042980520967649,0.9726650430627023,123,-1.9325959489970461,31.11122470608501,3.5434780274164095,0.06246407536667202,0.08784495845315991
B0018,9,8.520430277777779,24.0,1.8231002302844226,0.9828009634752517,122,-1.9387520938161948,31.13166983979621,3.543133206790044,0.05911226141914418,0.08989822215265768
B0018,10,9.466025000000002,24.0,1.8121253520255494,0.9768846014740459,121,-1.9319248326301843,31.51305775907457,3.545155146280937,0.05911226141914418,0.08989822215265768
B0018,11,10.409397500000003,24.0,1.8046916382117766,0.9728772183488541,120,-1.9249594896453863,31.31102568785445,3.545032366549762,0.05911226141914418,0.08989822215265768
B0018,12,11.349423611111114,24.0,1.790844349786295,0.9654123910288773,119,-1.9179528942264992,30.893964711700164,3.5440892170496827,0.05911226141914418,0.08989822215265768
B0018,13,12.285716944444447,24.0,1.783470722841926,0.9614373996680884,118,-1.917373033348097,30.540598970902945,3.541317108618481,0.06105488892245489,0.08795484250803035
B0018,14,13.218438333333335,24.0,1.7809386125310702,0.9600723839592448,117,-1.9180652422275581,30.82566018736547,3.541197979542517,0.06100929812130678,0.08710663504547878
B0018,15,14.152609166666668,24.0,1.771209039672698,0.9548273439880091,116,-1.9106033469326071,31.451400678644536,3.541255460524434,0.06100929812130678,0.08710663504547878
B0018,16,15.085313055555558,24.0,1.7686303996707076,0.9534372449488483,115,-1.909404549449075,31.518847747922937,3.5427478949705886,0.06100929812130678,0.08710663504547878
B0018,17,16.01425388888889,24.0,1.7536304801917124,0.9453510546938519,114,-1.8960567702455413,31.11237289077096,3.541251093602656,0.06100929812130678,0.08710663504547878
B0018,18,16.94202305555556,24.0,1.7462197416415093,0.9413560571253055,113,-1.8948411660605735,30.586452588663985,3.5350260562177453,0.06064904573360479,0.08754929973933033
B0018,19,17.866367777777782,24.0,1.7376647337053737,0.9367442042482638,112,-1.90021436299665,30.242913021104116,3.5326627624319777,0.06219481868267621,0.08570971190558405
B0018,20,18.786602222222225,24.0,1.7315166735475835,0.933429894181155,111,-1.8936767267608487,30.10270376338569,3.5333109441755526,0.06219481868267621,0.08570971190558405
B0018,21,19.70383305555556,24.0,1.7085949894470602,0.9210732212762566,110,-1.8739718829459886,30.251184852221932,3.52738705832889,0.06219481868267621,0.08570971190558405
B0018,22,20.62204055555556,24.0,1.711469957068211,0.9226230652733616,109,-1.8791764961687347,30.212407704391104,3.5296025965720452,0.06219481868267621,0.08570971190558405
B0018,23,21.535807777777784,24.0,1.7075021373272627,0.9204840841029782,108,-1.8780560689384003,30.125011009636175,3.5289707694229833,0.06106479153135479,0.08848482071807108
B0018,24,22.447973611111117,24.0,1.7492382064360228,0.9429832579006578,107,-1.8993718818269214,30.22428629982563,3.5322741848919814,0.0595969662678692,0.08684055890192541
B0018,25,23.371650000000006,24.0,1.7327697147429955,0.934105386440806,106,-1.8926958551018211,30.976376254737342,3.532438322521663,0.0595969662678692,0.08684055890192541
B0018,26,24.29319083333334,24.0,1.7222313328292376,0.9284243318688938,105,-1.8783667048362822,31.41570291330098,3.5363211310943603,0.0595969662678692,0.08684055890192541
B0018,27,25.21312583333334,24.0,1.711846298984729,0.9228259445182906,104,-1.870834339681941,31.383299841535273,3.533535274219931,0.0595969662678692,0.08684055890192541
B0018,28,26.13124194444445,24.0,1.699267835126687,0.916045117993578,103,-1.8696567234639716,31.167937826253635,3.527012841842043,0.06287106178477314,0.08500615970912836
B0018,29,27.04664555555556,24.0,1.6940366439243106,0.9132250757005568,102,-1.8623726014599724,30.994690437264207,3.52925730014011,0.06095075041521759,0.08544326049182116
B0018,30,27.959701111111116,24.0,1.6819027078768087,0.9066838862255429,101,-1.8547843408980225,31.055317978554886,3.527821497534469,0.06095075041521759,0.08544326049182116
B0018,31,28.869957222222226,24.0,1.6769770618433686,0.9040285579078848,100,-1.8538766950740675,31.373945543706103,3.525692957415014,0.06095075041521759,0.08544326049182116
B0018,32,29.777925833333338,24.0,1.6655229306478936,0.8978538391580942,99,-1.845735037450336,31.56128410753226,3.5243962482347273,0.06095075041521759,0.08544326049182116
B0018,33,30.683646388888892,24.0,1.6571924575832084,0.8933630290434469,98,-1.8382538558498933,31.318474723902874,3.520797576383474,0.06279037977354894,0.08611082715769634
B0018,34,31.58887194444445,24.0,1.6482241555294048,0.8885283766459535,97,-1.8435676915974055,31.104012325043946,3.519457281260753,0.062054327669918884,0.0841039159798283
B0018,35,32.4898225,24.0,1.6387701497987262,0.8834318900203323,96,-1.83704467002657,30.989730398009076,3.513165600287965,0.062054327669918884,0.0841039159798283
B0018,36,33.38885444444445,24.0,1.6276486907262062,0.8774365089051547,95,-1.8211904293154166,30.967851972472324,3.517217159454334,0.062054327669918884,0.0841039159798283
B0018,37,34.28628055555556,24.0,1.62215370227252,0.8744742581978935,94,-1.8270453339799269,31.285342046153826,3.5120091114107965,0.062054327669918884,0.0841039159798283
B0018,38,35.18130638888889,24.0,1.6140066510467586,0.8700823275398015,93,-1.819052179250902,31.41096207271253,3.50911052654104,0.06126874046942329,0.08711286500552247
B0018,39,36.07584638888889,24.0,1.6760516154424623,0.903529666185232,92,-1.8693745969498121,30.755137125871208,3.516106699716392,0.0627057717757101,0.08381129726407618
B0018,40,36.9788325,24.0,1.649300642552199,0.8891086916860135,91,-1.839770443871628,30.977446633931525,3.519010068254593,0.0627057717757101,0.08381129726407618
B0018,41,37.87865027777778,24.0,1.63238299185809,0.8799886865838726,90,-1.837963396328485,30.800512192698992,3.5124212742229295,0.0627057717757101,0.08381129726407618
B0018,42,38.773719722222225,24.0,1.6164159719025777,0.8713811496336645,89,-1.8296109578903785,30.616192795676138,3.50815215295169,0.0627057717757101,0.08381129726407618
B0018,43,39.66431888888889,24.0,1.6109028378249377,0.8684091169427205,88,-1.8210831511954937,30.399839302766903,3.508648568515266,0.060230110173563736,0.0877848925885978
B0018,44,40.552643611111115,24.0,1.5954638693695657,0.8600862431802415,87,-1.8199201144788144,30.38386825126278,3.5051993439595477,0.061801794410442104,0.08516278937578788
B0018,45,41.43642833333334,24.0,1.726707440085764,0.930837321813855,86,-1.8951156248467713,30.576239500422748,3.523165280193865,0.061801794410442104,0.08516278937578788
B0018,46,42.353750555555564,24.0,1.7165673917429753,0.9253710017973062,85,-1.8867694858233446,30.705906284556665,3.527269876472835,0.061801794410442104,0.08516278937578788
B0018,47,43.26647611111112,24.0,1.6958235570934848,0.914188368861919,84,-1.8786631828974334,30.62583594950684,3.526762654741574,0.061801794410442104,0.08516278937578788
B0018,48,44.17203611111112,24.0,1.6777783190792557,0.9044605014567585,83,-1.8704748023295987,30.597357068657974,3.523020179476104,0.061801794410442104,0.08516278937578788
B0018,49,45.07204472222223,24.0,1.6606586897774192,0.895231613273491,82,-1.8562833971202242,30.528493896066262,3.519792345798265,0.061801794410442104,0.08516278937578788
B0018,50,45.96989611111112,24.0,1.6664109274827466,0.8983325424846361,81,-1.8625354754370638,31.203754246103966,3.5251014582287223,0.06335998574164574,0.08600824718099127
B0018,51,46.86768250000001,24.0,1.6468336174407805,0.8877787622525443,80,-1.8606833274060013,31.172639449335037,3.518519199837846,0.06335998574164574,0.08600824718099127
B0018,52,47.75921444444445,24.0,1.6257639928779952,0.8764205017595725,79,-1.8383636766891702,30.96825922704022,3.5190801794284594,0.06335998574164574,0.08600824718099127
B0018,53,48.647026944444455,24.0,1.6121577411874595,0.8690856130635961,78,-1.8436958588115397,30.821704306343133,3.5114167272902406,0.06335998574164574,0.08600824718099127
B0018,54,49.528294166666676,24.0,1.6057366823755344,0.8656241342693628,77,-1.8362729789790888,30.765219721637393,3.5108038681605738,0.06335998574164574,0.08600824718099127
B0018,55,50.409609444444456,24.0,1.673645314879889,0.9022324722778301,76,-1.864690278795044,30.809988428281613,3.51432611790755,0.06088396756004627,0.08522512012699898
B0018,56,51.30908416666668,24.0,1.6404348572349936,0.8843293042409497,75,-1.8572649157581866,31.039033590700278,3.5196664048265607,0.06088396756004627,0.08522512012699898
B0018,57,52.195490555555565,24.0,1.6132653317422077,0.8696826954654632,74,-1.8483454421357695,31.04176453157222,3.512403849382274,0.06088396756004627,0.08522512012699898
B0018,58,53.07488722222223,24.0,1.5920964324686278,0.8582709177386076,73,-1.839168422289249,30.959784195511766,3.5077862234460104,0.06088396756004627,0.08522512012699898
B0018,59,53.94722250000001,24.0,1.5866011820698824,0.855308525821416,72,-1.8303326102702338,30.843513277103145,3.5076596102713244,0.062318942746054214,0.0859882467642574
B0018,60,54.817200833333345,24.0,1.5800766490336253,0.851791265910117,71,-1.829290599843924,30.797157400797865,3.5074833565874615,0.0619094323498869,0.08488075014924702
B0018,61,55.68417555555557,24.0,1.5641732953289167,0.8432180503052695,70,-1.8278449003095165,30.984434580754094,3.5023865933440717,0.0619094323498869,0.08488075014924702
B0018,62,56.54674916666668,24.0,1.555618272193922,0.8386061892347928,69,-1.8188198987741453,30.967899275139946,3.503693493885047,0.0619094323498869,0.08488075014924702
B0018,63,57.40542972222224,24.0,1.5402045278637397,0.8302969133503282,68,-1.817194042260449,30.976616345195186,3.4989948462048113,0.0619094323498869,0.08488075014924702
B0018,64,58.26006944444446,24.0,1.5321613015959863,0.8259609528835993,67,-1.8157980815469454,30.89768961926806,3.495405576723954,0.06328841535782422,0.08847320583286679
B0018,65,59.11071611111113,24.0,1.5316232403693415,0.8256708936300426,66,-1.822108117298183,30.81568822237933,3.494528300232307,0.06244245641291251,0.08553075414412509
B0018,66,59.95809472222224,24.0,1.5222595950771978,0.8206231187124103,65,-1.8129628028687814,30.726188079151118,3.4962554827793926,0.06244245641291251,0.08553075414412509
B0018,67,60.80105916666669,24.0,1.5065267126851283,0.8121418011653458,64,-1.8044876731207795,30.76818712651005,3.48769646191346,0.06244245641291251,0.08553075414412509
B0018,68,61.643073055555575,24.0,1.5014219556532926,0.8093899172887186,63,-1.809986175960184,30.775415173787835,3.486547580844067,0.06244245641291251,0.08553075414412509
B0018,69,62.47955722222224,24.0,1.4963534117486457,0.8066575552659644,62,-1.8090400456598725,30.761821976538275,3.482298183882304,0.06272459952717446,0.09004616962738907
B0018,70,63.31372388888891,24.0,1.5334262000312422,0.826642837170715,61,-1.8273691233501441,30.913721930762733,3.491819481711868,0.06319723456202592,0.0872013762847039
B0018,71,64.15960916666668,24.0,1.523845267514426,0.8214779265683784,60,-1.8180385592622932,31.228215653165606,3.493995853241935,0.06319723456202592,0.0872013762847039
B0018,72,65.00085055555557,24.0,1.5011920994261239,0.8092660058779416,59,-1.8085351614741645,31.261679783387308,3.484377015629623,0.06319723456202592,0.0872013762847039
B0018,73,65.83777750000002,24.0,1.492417671450291,0.8045358675534857,58,-1.8068041184926535,31.18408593575448,3.4859116793558376,0.06319723456202592,0.0872013762847039
B0018,74,66.67079833333335,24.0,1.483323851940123,0.799633550923934,57,-1.8050190987020625,31.001432353085377,3.4842787539766786,0.06319723456202592,0.0872013762847039
B0018,75,67.4995613888889,24.0,1.4807376792294196,0.7982393911352555,56,-1.8118563821702207,30.981374033120872,3.482988652120672,0.06332864514547537,0.08797976668527188
B0018,76,68.32368916666668,24.0,1.4735077809902477,0.7943418813674149,55,-1.8021525551783737,31.088687926688607,3.483799876979844,0.06332864514547537,0.08797976668527188
B0018,77,69.14446611111113,24.0,1.46801928526661,0.7913831307756389,54,-1.8092953592546854,31.336420133762665,3.4787540756450497,0.06332864514547537,0.08797976668527188
B0018,78,69.96272583333335,24.0,1.4580923557119019,0.7860316993136419,53,-1.8000309691416814,31.22599987103565,3.4752194351784507,0.06332864514547537,0.08797976668527188
B0018,79,70.77977444444446,24.0,1.4478660988891399,0.7805189058362433,52,-1.7981302589297092,31.037323488688802,3.470739535801023,0.06438276069827963,0.09108149736581252
B0018,80,71.59198361111112,24.0,1.4527808777541982,0.7831683758563823,51,-1.8058248446047425,30.811349225731828,3.474600910003521,0.06322621852227772,0.08762970040962542
B0018,81,72.40338111111112,24.0,1.4425356364492432,0.7776453481817188,50,-1.795955865281378,30.932223179746046,3.4740521567700093,0.06322621852227772,0.08762970040962542
B0018,82,73.20970055555556,24.0,1.4392712877203313,0.7758855957432074,49,-1.7951057003644757,31.215527070380897,3.475075728648004,0.06322621852227772,0.08762970040962542
B0018,83,74.01466583333334,24.0,1.4286475681888218,0.7701585371768062,48,-1.7940097981352856,31.400797084337558,3.472424307596416,0.06322621852227772,0.08762970040962542
B0018,84,74.81802527777778,24.0,1.4249026750004896,0.7681397317526905,47,-1.7841592631620102,31.259213269721236,3.471751102262539,0.06275964602343843,0.09224881675419787
B0018,85,75.61994777777778,24.0,1.4698115324524124,0.7923492994106556,46,-1.8136320536623207,31.134701292957466,3.4745407296058963,0.06306423201152148,0.08878755046571668
B0018,86,76.4373175,24.0,1.4525819651050202,0.7830611455790711,45,-1.8109604460875317,31.246879695988095,3.471720060423485,0.06306423201152148,0.08878755046571668
B0018,87,77.24633666666668,24.0,1.442834198908794,0.7778062979024363,44,-1.800802328247715,31.027558674438325,3.471398409828823,0.06306423201152148,0.08878755046571668
B0018,88,78.05066833333335,24.0,1.428376058807949,0.7700121712904541,43,-1.798647877727257,30.931917385258963,3.4626491088970703,0.06306423201152148,0.08878755046571668
B0018,89,78.85189222222223,24.0,1.4154547844370715,0.7630465417051595,42,-1.7804067367547436,30.667082236656018,3.466072725920186,0.06306423201152148,0.08878755046571668
B0018,90,79.65016055555557,24.0,1.454576670077708,0.7841364556121901,41,-1.8167125180994765,31.226789107710772,3.4730670533412877,0.0654312939216661,0.08842632755307295
B0018,91,80.45387583333336,24.0,1.4283179548274056,0.7699808484662279,40,-1.7981268087177564,31.387733116648285,3.4668548162926327,0.0654312939216661,0.08842632755307295
B0018,92,81.2552602777778,24.0,1.4197026883204058,0.7653365112635747,39,-1.7964439222994821,31.505666838292886,3.46527367520258,0.0654312939216661,0.08842632755307295
B0018,93,82.05254750000002,24.0,1.4155606630306516,0.7631036189749955,38,-1.795371462470329,31.5462258449116,3.4638878223448684,0.0654312939216661,0.08842632755307295
B0018,94,82.84813361111112,24.0,1.405680035419228,0.7577771480684934,37,-1.7937175263130196,31.389977882297476,3.457807923440064,0.0640350502034096,0.09164169330042057
B0018,95,83.63886694444446,24.0,1.4084461071166137,0.759268288206635,36,-1.8014517734888207,31.385433749863733,3.459813554486507,0.06431683619311312,0.08680690256687046
B0018,96,84.42762583333335,24.0,1.3968547782872414,0.7530196086484692,35,-1.7915215753378781,31.423707199142058,3.458027727779737,0.06431683619311312,0.08680690256687046
B0018,97,85.21448777777779,24.0,1.3935670371440676,0.751247245774781,34,-1.7816941240706174,31.435368910968148,3.4613996718507845,0.06431683619311312,0.08680690256687046
B0018,98,85.99978722222224,24.0,1.3893644292809475,0.7489816944965945,33,-1.7797379985412234,31.542375291159843,3.4611285476693214,0.06431683619311312,0.08680690256687046
B0018,99,86.78354583333335,24.0,1.3785651415666713,0.7431599902402238,32,-1.7856528650965158,31.52669677306915,3.455556822823358,0.06546443423939434,0.0925002319045349
B0018,100,87.56275583333336,24.0,1.384901110085747,0.7465755983684312,31,-1.7784070647657095,31.435921914290372,3.459598362944341,0.06545297065463919,0.0888408418585299
B0018,101,88.34467416666669,24.0,1.3703251814242443,0.7387179740348331,30,-1.7778412667349817,31.475238112886494,3.4506569891269216,0.06545297065463919,0.0888408418585299
B0018,102,89.12277305555558,24.0,1.3733464385229082,0.7403466800917733,29,-1.7764462760420034,31.5817445550721,3.455515243082573,0.06545297065463919,0.0888408418585299
B0018,103,89.89893611111114,24.0,1.3679487285504814,0.7374368704864981,28,-1.7752748972563315,31.647958536134297,3.455840338587253,0.06545297065463919,0.0888408418585299
B0018,104,90.67265583333337,24.0,1.3567141087089647,0.7313804864100185,27,-1.7742013268724648,31.662032275252905,3.448678293668265,0.06605675981972527,0.09024364278181114
B0018,105,91.4447391666667,24.0,1.4604310209194575,0.7872924322020762,26,-1.8196650877007408,30.434500875864142,3.474503178644755,0.06550914978909368,0.08957234616173203
B0018,106,92.25008194444447,24.0,1.4500998937104097,0.7817231049614924,25,-1.8096836854216038,31.017997058077018,3.474031881945217,0.06550914978909368,0.08957234616173203
B0018,107,93.05422694444448,24.0,1.4381406901824496,0.7752761106852413,24,-1.7993287687468955,31.39483761465523,3.474404210386772,0.06550914978909368,0.08957234616173203
B0018,108,93.85651861111114,24.0,1.4283681980964316,0.7700079337204485,23,-1.7959419603883284,31.24511885640641,3.471767043833224,0.06550914978909368,0.08957234616173203
B0018,109,94.65482583333336,24.0,1.4147874517552432,0.7626867945054364,22,-1.7956017209600372,31.05306925187263,3.4685305272975935,0.06550914978909368,0.08957234616173203
B0018,110,95.44577194444447,24.0,1.413889163393182,0.7622025431993112,21,-1.7929541659933774,30.88589263299331,3.4651213646662598,0.06602461415916355,0.0893968694708912
B0018,111,96.23723888888892,24.0,1.3989331662177225,0.7541400306782735,20,-1.784474211719448,31.053992379018933,3.4652879859475885,0.06602461415916355,0.0893968694708912
B0018,112,97.02437444444448,24.0,1.3953322584033976,0.7521988452127043,19,-1.793581043096934,31.492840068071885,3.461799526154992,0.06602461415916355,0.0893968694708912
B0018,113,97.80950027777781,24.0,1.390046129540245,0.7493491870022229,18,-1.7920645354970144,31.93832684630049,3.463260140320492,0.06602461415916355,0.0893968694708912
B0018,114,98.59236472222226,24.0,1.3860271454209647,0.747182624023947,17,-1.7809541104468565,31.74562722135923,3.462839429201602,0.06528925688517716,0.0913916544478255
B0018,115,99.3736755555556,24.0,1.388215260193751,0.7483621978461461,16,-1.7989851707207014,31.31018499405759,3.4569152237960306,0.06297327821062598,0.08791100017078796
B0018,116,100.1524255555556,24.0,1.3761826562394497,0.7418756347033405,15,-1.7873231599598716,31.127360345471814,3.4574690175816127,0.06297327821062598,0.08791100017078796
B0018,117,100.92555055555559,24.0,1.3647168898640165,0.7356946436346268,14,-1.7861666392556754,30.985550813719595,3.4502191781217797,0.06297327821062598,0.08791100017078796
B0018,118,101.69677027777782,24.0,1.3589854739373584,0.7326049390746541,13,-1.7849995504167615,30.899653280757406,3.4486728051793962,0.06297327821062598,0.08791100017078796
B0018,119,102.46524694444449,24.0,1.3462308764008801,0.7257291620112974,12,-1.778331020505836,30.706123644966482,3.444632719716698,0.06516852362411818,0.09570731197373636
B0018,120,103.22955694444448,24.0,1.4268427818454643,0.7691856089045949,11,-1.809775952165901,30.47122187456595,3.467272639213176,0.0637387678424481,0.09115176519190589
B0018,121,104.0209066666667,24.0,1.4064481483279663,0.7581912240991063,10,-1.7896694300229208,30.939221783021114,3.464490491162134,0.0637387678424481,0.09115176519190589
B0018,122,104.80980000000004,24.0,1.3934907492075153,0.7512061203027418,9,-1.7970097248124899,31.111640631561894,3.459667012281024,0.0637387678424481,0.09115176519190589
B0018,123,105.59240416666671,24.0,1.3882493512249316,0.7483805757157408,8,-1.7861513769566684,31.037910219908994,3.462241956955771,0.0637387678424481,0.09115176519190589
B0018,124,106.37274694444449,24.0,1.3701878338420928,0.7386439323920165,7,-1.784162084841115,30.967950840538833,3.4555661695067355,0.0637387678424481,0.09115176519190589
B0018,125,107.14807666666671,24.0,1.3796951665608619,0.743769166650052,6,-1.7845257009241222,30.93996203578424,3.458696199585801,0.06521856379431411,0.09034871149507483
B0018,126,107.92419222222226,24.0,1.3686586323935683,0.7378195670433692,5,-1.7920667435100546,31.295019295352862,3.4525282614097663,0.06521856379431411,0.09034871149507483
B0018,127,108.69494750000004,24.0,1.3627371779096438,0.7346274160714679,4,-1.782779873271704,31.81846533166901,3.4552290080443044,0.06521856379431411,0.09034871149507483
B0018,128,109.46657083333338,24.0,1.3634051133928073,0.7349874882306875,3,-1.7725212915953121,32.00067162597675,3.4619744219744675,0.06521856379431411,0.09034871149507483
B0018,129,110.2391055555556,24.0,1.3518646035305233,0.7287662042753458,2,-1.769870119236631,31.73992229230571,3.452221905520614,0.06590455963486774,0.0920096535708447
B0018,130,111.00602388888893,24.0,1.3547969729652622,0.7303469925709389,1,-1.7884847819526568,31.52613649688221,3.447650049442191,0.06606850271516486,0.08895885074391789
B0018,131,111.7708155555556,24.0,1.341051440640485,0.7229370201580871,0,-1.77774044867741,31.27624493654335,3.447928507599004,0.06606850271516486,0.08895885074391789
